target_word,feature_id,feature_text,resolution_method,candidate_id,shard_index,reason
wood louse,104667,some species are aquatic during their larval stage,adjudicator_failed,v4_6335f26a06421041,0,adjudicator_failed_missing_final_value
dungarees,106224,sometimes used for baking,adjudicator_failed,v4_7c42a948dfcde404,0,adjudicator_failed_missing_final_value
spatula,108667,stovetop appliance,adjudicator_failed,v4_5ec394b1a55277c0,0,adjudicator_failed_missing_final_value
harmonica,102227,skin is smooth and rubbery,adjudicator_failed,v4_c5b33b3439e3460b,1,adjudicator_failed_missing_final_value
chameleon,105442,sometimes featured in ballets and plays,adjudicator_failed,v4_8b46eb763ca63ae6,1,adjudicator_failed_missing_final_value
jeans,123337,typically has two sets of strings,adjudicator_failed,v4_ff27587a0f7028ae,1,adjudicator_failed_missing_final_value
zeppelin,103336,soars high in the sky,adjudicator_failed,v4_e5941de5b03c7836,2,adjudicator_failed_missing_final_value
spatula,102227,skin is smooth and rubbery,adjudicator_failed,v4_c5b33b3439e3460b,2,adjudicator_failed_missing_final_value
goldfish,105442,sometimes featured in ballets and plays,adjudicator_failed,v4_8b46eb763ca63ae6,2,adjudicator_failed_missing_final_value
kangaroo,106337,sometimes used for team logos,adjudicator_failed,v4_a33a996c18f77d8e,2,adjudicator_failed_missing_final_value
caterpillar,122771,"typically has a flat, roundish body shape",adjudicator_failed,v4_d099fdfb55927b36,2,adjudicator_failed_missing_final_value
plough,128665,usually marked with safety warnings or instructions,adjudicator_failed,v4_f0aaefc8022c7a7e,2,adjudicator_failed_missing_final_value
eagle,102227,skin is smooth and rubbery,adjudicator_failed,v4_c5b33b3439e3460b,4,adjudicator_failed_missing_final_value
bottle,105442,sometimes featured in ballets and plays,adjudicator_failed,v4_8b46eb763ca63ae6,4,adjudicator_failed_missing_final_value
mouse,105448,sometimes featured in historical novels or films,adjudicator_failed,v4_8ae90ba85b8e9919,4,adjudicator_failed_missing_final_value
trailer,105448,sometimes featured in historical novels or films,adjudicator_failed,v4_8ae90ba85b8e9919,4,adjudicator_failed_missing_final_value
cuckoo,118885,thick tail,adjudicator_failed,v4_a51380facf4fd78d,4,adjudicator_failed_missing_final_value
clamp,124337,used for carving wood,adjudicator_failed,v4_311ba91383119cb2,4,adjudicator_failed_missing_final_value
tambourine,116664,"they are used in various activities such as crafting, sewing, and grooming",adjudicator_failed,v4_9605d2ae2b562abd,5,adjudicator_failed_missing_final_value
wheelbarrow,102227,skin is smooth and rubbery,adjudicator_failed,v4_c5b33b3439e3460b,6,adjudicator_failed_missing_final_value
pike,101447,"short, robust tail",adjudicator_failed,v4_8cf5067a56e21cfa,6,adjudicator_failed_missing_final_value
double bass,104447,some models have a safety lock,adjudicator_failed,v4_69046d264873a59f,6,adjudicator_failed_missing_final_value
grinding disc,122767,"typically has a flat, beveled edge for precise cuts",adjudicator_failed,v4_34614afd59d2a42d,6,adjudicator_failed_missing_final_value
dress,123337,typically has two sets of strings,adjudicator_failed,v4_ff27587a0f7028ae,6,adjudicator_failed_missing_final_value
carriage,132665,worn with formal attire,adjudicator_failed,v4_cd4b4b89e79661bb,6,adjudicator_failed_missing_final_value
shoes,101234,shoes are laced or have velcro straps,adjudicator_failed,v4_4951938c7a453fd1,7,adjudicator_failed_missing_final_value
teaspoon,106221,sometimes used for advertising or signage,adjudicator_failed,v4_530f09625e5c26fa,7,adjudicator_failed_missing_final_value
tambourine,125665,used in fashion for decorative purposes,adjudicator_failed,v4_ce2e8533dbc16fc0,7,adjudicator_failed_missing_final_value
deer,114447,their main predators include lions and hyenas,adjudicator_failed,v4_5aa2b0de8b21915a,8,adjudicator_failed_missing_final_value
shovel,120227,tractors are maintained in farm machinery sheds,adjudicator_failed,v4_819221ed440c7750,8,adjudicator_failed_missing_final_value
squid,125665,used in fashion for decorative purposes,adjudicator_failed,v4_ce2e8533dbc16fc0,9,adjudicator_failed_missing_final_value
bee,102224,skin is smooth and often dark in color,adjudicator_failed,v4_f006b126971018e6,10,adjudicator_failed_missing_final_value
dolphin,106442,sometimes used in emergencies,adjudicator_failed,v4_37470b725e2ce3cd,10,adjudicator_failed_missing_final_value
earwig,118665,"they typically have litters of 4-6 kits, born in spring",adjudicator_failed,v4_c5e64ef11450f0cf,10,adjudicator_failed_missing_final_value
monitor lizard,104667,some species are aquatic during their larval stage,adjudicator_failed,v4_6335f26a06421041,11,adjudicator_failed_missing_final_value
oven,116665,"they are used in various culinary dishes, including salads, sauces, and pasta",adjudicator_failed,v4_e33f9d5676946763,11,adjudicator_failed_missing_final_value
harp,123337,typically has two sets of strings,adjudicator_failed,v4_ff27587a0f7028ae,11,adjudicator_failed_missing_final_value
dungarees,126264,used in poetry and literature,adjudicator_failed,v4_5d68edff65fb7bff,11,adjudicator_failed_missing_final_value
saxophone,132660,worn with a tie and dress shoes,adjudicator_failed,v4_177210aa97bcce39,11,adjudicator_failed_missing_final_value
canary,105221,sometimes associated with italian cuisine,adjudicator_failed,v4_b3ef5aa8a317c1bf,12,adjudicator_failed_missing_final_value
blackbird,105337,sometimes considered pests in gardens,adjudicator_failed,v4_1450232a69aac449,12,adjudicator_failed_missing_final_value
motorbike,105442,sometimes featured in ballets and plays,adjudicator_failed,v4_8b46eb763ca63ae6,12,adjudicator_failed_missing_final_value
pyjamas,126442,used in snowy regions,adjudicator_failed,v4_69f4110b7d407c65,12,adjudicator_failed_missing_final_value
glass,103025,smooth skin texture,adjudicator_failed,v4_80184559d99d75f8,13,adjudicator_failed_missing_final_value
harp,104447,some models have a safety lock,adjudicator_failed,v4_69046d264873a59f,13,adjudicator_failed_missing_final_value
blindworm,105449,sometimes featured in holiday decorations,adjudicator_failed,v4_d6265cb75ae036d0,13,adjudicator_failed_missing_final_value
peacock,114447,their main predators include lions and hyenas,adjudicator_failed,v4_5aa2b0de8b21915a,13,adjudicator_failed_missing_final_value
cymbals,102227,skin is smooth and rubbery,adjudicator_failed,v4_c5b33b3439e3460b,14,adjudicator_failed_missing_final_value
squid,102102,skin can be smooth or slimy,adjudicator_failed,v4_3e52d6a2c530c3f5,14,adjudicator_failed_missing_final_value
drum set,102227,skin is smooth and rubbery,adjudicator_failed,v4_c5b33b3439e3460b,14,adjudicator_failed_missing_final_value
towel,105442,sometimes featured in ballets and plays,adjudicator_failed,v4_8b46eb763ca63ae6,14,adjudicator_failed_missing_final_value
dinosaur,121449,tropical,adjudicator_failed,v4_1f03fcc71a8ea086,14,adjudicator_failed_missing_final_value
trumpet,102227,skin is smooth and rubbery,adjudicator_failed,v4_c5b33b3439e3460b,15,adjudicator_failed_missing_final_value
canary,11110,appears on weather vanes,adjudicator_failed,v4_88049f5dfe1c822e,15,adjudicator_failed_missing_final_value
wok,104447,some models have a safety lock,adjudicator_failed,v4_69046d264873a59f,15,adjudicator_failed_missing_final_value
cockroach,104667,some species are aquatic during their larval stage,adjudicator_failed,v4_6335f26a06421041,15,adjudicator_failed_missing_final_value
herring,126221,used in pasta dishes,adjudicator_failed,v4_e5c9f16cacd941bb,15,adjudicator_failed_missing_final_value
stickleback,126264,used in poetry and literature,adjudicator_failed,v4_5d68edff65fb7bff,15,adjudicator_failed_missing_final_value
chicken,102135,skin is covered in contour feathers for flight and insulation,adjudicator_failed,v4_1a5def4b70389d7c,16,adjudicator_failed_missing_final_value
wrench,105449,sometimes featured in holiday decorations,adjudicator_failed,v4_d6265cb75ae036d0,16,adjudicator_failed_missing_final_value
bat,118883,thick skin with little hair,adjudicator_failed,v4_affcfa56817ce979,16,adjudicator_failed_missing_final_value
sperm whale,102227,skin is smooth and rubbery,adjudicator_failed,v4_c5b33b3439e3460b,17,adjudicator_failed_missing_final_value
anchovy,105449,sometimes featured in holiday decorations,adjudicator_failed,v4_d6265cb75ae036d0,17,adjudicator_failed_missing_final_value
sheep,114447,their main predators include lions and hyenas,adjudicator_failed,v4_5aa2b0de8b21915a,17,adjudicator_failed_missing_final_value
dungarees,122556,typically fastened with elastic or buttons,adjudicator_failed,v4_60dcfb1c9f599411,17,adjudicator_failed_missing_final_value
mixer,126227,used in pet food,adjudicator_failed,v4_febb865904616fe2,17,adjudicator_failed_missing_final_value
cap,104447,some models have a safety lock,adjudicator_failed,v4_69046d264873a59f,18,adjudicator_failed_missing_final_value
spatula,104447,some models have a safety lock,adjudicator_failed,v4_69046d264873a59f,18,adjudicator_failed_missing_final_value
cuckoo,125993,used in logging and ceremonial roles,adjudicator_failed,v4_cb0e8c3e8ca68fff,18,adjudicator_failed_missing_final_value
dungarees,126357,used in rvs for camping,adjudicator_failed,v4_3a46617e63251561,18,adjudicator_failed_missing_final_value
nutcracker,105442,sometimes featured in ballets and plays,adjudicator_failed,v4_8b46eb763ca63ae6,19,adjudicator_failed_missing_final_value
motorcycle,105442,sometimes featured in ballets and plays,adjudicator_failed,v4_8b46eb763ca63ae6,19,adjudicator_failed_missing_final_value
hippopotamus,114447,their main predators include lions and hyenas,adjudicator_failed,v4_5aa2b0de8b21915a,19,adjudicator_failed_missing_final_value
cobra,118884,thick skin with wrinkles,adjudicator_failed,v4_87e1653108218505,19,adjudicator_failed_missing_final_value
dungarees,123337,typically has two sets of strings,adjudicator_failed,v4_ff27587a0f7028ae,19,adjudicator_failed_missing_final_value
sperm whale,105442,sometimes featured in ballets and plays,adjudicator_failed,v4_8b46eb763ca63ae6,20,adjudicator_failed_missing_final_value
kettle,105447,sometimes featured in folklore and songs,adjudicator_failed,v4_f68029e611871239,20,adjudicator_failed_missing_final_value
wheelbarrow,105447,sometimes featured in folklore and songs,adjudicator_failed,v4_f68029e611871239,20,adjudicator_failed_missing_final_value
tambourine,106115,sometimes used as a placard for information or advertising,adjudicator_failed,v4_0c69268ce38bf248,20,adjudicator_failed_missing_final_value
polar bear,118884,thick skin with wrinkles,adjudicator_failed,v4_87e1653108218505,20,adjudicator_failed_missing_final_value
slingshot,128665,usually marked with safety warnings or instructions,adjudicator_failed,v4_f0aaefc8022c7a7e,20,adjudicator_failed_missing_final_value
rhinoceros,129445,varies in thickness for strength and weight,adjudicator_failed,v4_979b3b924f5534df,20,adjudicator_failed_missing_final_value
spear,6816,a stick is often long and thin,adjudicator_failed,v4_b85e60b61e5cbf98,21,adjudicator_failed_missing_final_value
harmonica,104447,some models have a safety lock,adjudicator_failed,v4_69046d264873a59f,21,adjudicator_failed_missing_final_value
drill,105442,sometimes featured in ballets and plays,adjudicator_failed,v4_8b46eb763ca63ae6,21,adjudicator_failed_missing_final_value
t-shirt,105442,sometimes featured in ballets and plays,adjudicator_failed,v4_8b46eb763ca63ae6,21,adjudicator_failed_missing_final_value
harp,123338,typically has two sets of strings for each key,adjudicator_failed,v4_2a6ba37ec13c20ae,21,adjudicator_failed_missing_final_value
tambourine,126225,used in performances and recordings to add texture,adjudicator_failed,v4_70d9e15f32283b6b,21,adjudicator_failed_missing_final_value
panties,131440,wild variety,adjudicator_failed,v4_05164c9b7e09d276,21,adjudicator_failed_missing_final_value
place mat,102227,skin is smooth and rubbery,adjudicator_failed,v4_c5b33b3439e3460b,23,adjudicator_failed_missing_final_value
pickaxe,104445,some models have a rotating mechanism for easier turning,adjudicator_failed,v4_d5c7ab4462107b0f,23,adjudicator_failed_missing_final_value
carp,105442,sometimes featured in ballets and plays,adjudicator_failed,v4_8b46eb763ca63ae6,23,adjudicator_failed_missing_final_value
rope,123337,typically has two sets of strings,adjudicator_failed,v4_ff27587a0f7028ae,23,adjudicator_failed_missing_final_value
gecko,105448,sometimes featured in historical novels or films,adjudicator_failed,v4_8ae90ba85b8e9919,24,adjudicator_failed_missing_final_value
cap,123337,typically has two sets of strings,adjudicator_failed,v4_ff27587a0f7028ae,24,adjudicator_failed_missing_final_value
nutcracker,124554,used for gripping objects,adjudicator_failed,v4_a88ab76eaa892fb9,24,adjudicator_failed_missing_final_value
grasshopper,126227,used in pet food,adjudicator_failed,v4_febb865904616fe2,24,adjudicator_failed_missing_final_value
taxi,100103,seat is usually padded,adjudicator_failed,v4_b7c4fd76cb8f6dd4,25,adjudicator_failed_missing_final_value
wheelbarrow,104448,some models have a safety lock to prevent accidental operation,adjudicator_failed,v4_1985c35161c404e8,25,adjudicator_failed_missing_final_value
alligator,104667,some species are aquatic during their larval stage,adjudicator_failed,v4_6335f26a06421041,25,adjudicator_failed_missing_final_value
polar bear,101776,sights,adjudicator_failed,v4_4cece3902ef14e30,26,adjudicator_failed_missing_final_value
toaster,102227,skin is smooth and rubbery,adjudicator_failed,v4_c5b33b3439e3460b,26,adjudicator_failed_missing_final_value
giraffe,103947,"some are solitary, others form schools",adjudicator_failed,v4_9abd491059c6c4e6,26,adjudicator_failed_missing_final_value
carp,104667,some species are aquatic during their larval stage,adjudicator_failed,v4_6335f26a06421041,26,adjudicator_failed_missing_final_value
anvil,105442,sometimes featured in ballets and plays,adjudicator_failed,v4_8b46eb763ca63ae6,26,adjudicator_failed_missing_final_value
orca,101787,silent except during breeding,adjudicator_failed,v4_0c241463cb27a655,27,adjudicator_failed_missing_final_value
machine gun,105442,sometimes featured in ballets and plays,adjudicator_failed,v4_8b46eb763ca63ae6,27,adjudicator_failed_missing_final_value
sieve,126227,used in pet food,adjudicator_failed,v4_febb865904616fe2,27,adjudicator_failed_missing_final_value
wood louse,101787,silent except during breeding,adjudicator_failed,v4_0c241463cb27a655,28,adjudicator_failed_missing_final_value
bicycle,100105,seat to sit on,adjudicator_failed,v4_de14a2899e7c3e7b,28,adjudicator_failed_missing_final_value
filling knife,102227,skin is smooth and rubbery,adjudicator_failed,v4_c5b33b3439e3460b,28,adjudicator_failed_missing_final_value
fox,105337,sometimes considered pests in gardens,adjudicator_failed,v4_1450232a69aac449,29,adjudicator_failed_missing_final_value
leech,118884,thick skin with wrinkles,adjudicator_failed,v4_87e1653108218505,29,adjudicator_failed_missing_final_value
bagpipe,125665,used in fashion for decorative purposes,adjudicator_failed,v4_ce2e8533dbc16fc0,29,adjudicator_failed_missing_final_value
hedgehog,102233,skin is smooth and waterproof,adjudicator_failed,v4_a64d9e3568d7db52,30,adjudicator_failed_missing_final_value
bowl,105442,sometimes featured in ballets and plays,adjudicator_failed,v4_8b46eb763ca63ae6,30,adjudicator_failed_missing_final_value
bra,109445,supports heavy loads,adjudicator_failed,v4_fbcb9d0dfe47ea2f,30,adjudicator_failed_missing_final_value
tambourine,123337,typically has two sets of strings,adjudicator_failed,v4_ff27587a0f7028ae,30,adjudicator_failed_missing_final_value
grinding disc,124337,used for carving wood,adjudicator_failed,v4_311ba91383119cb2,30,adjudicator_failed_missing_final_value
stove,102227,skin is smooth and rubbery,adjudicator_failed,v4_c5b33b3439e3460b,31,adjudicator_failed_missing_final_value
pistol,102227,skin is smooth and rubbery,adjudicator_failed,v4_c5b33b3439e3460b,31,adjudicator_failed_missing_final_value
bottle,104447,some models have a safety lock,adjudicator_failed,v4_69046d264873a59f,31,adjudicator_failed_missing_final_value
dungarees,104447,some models have a safety lock,adjudicator_failed,v4_69046d264873a59f,31,adjudicator_failed_missing_final_value
jeans,105442,sometimes featured in ballets and plays,adjudicator_failed,v4_8b46eb763ca63ae6,31,adjudicator_failed_missing_final_value
pants,123337,typically has two sets of strings,adjudicator_failed,v4_ff27587a0f7028ae,31,adjudicator_failed_missing_final_value
chicken,124550,used for gripping,adjudicator_failed,v4_1e7cacaaab021d68,31,adjudicator_failed_missing_final_value
panties,126443,used in social gatherings,adjudicator_failed,v4_80a5199861b27f16,31,adjudicator_failed_missing_final_value
