job_id,word_normalized,feature_id,feature_text,row_hash,adjudicator_idx,feature_value,confidence,ambiguous,reason,parse_error,raw_json
v4_atomic_shard_0000,sparrow,146,moves quickly,ce7622eeffcd0226f860fb961714cc5d3fd81a606246711a007ffa434c382922,1,3,0.85,False,"Sparrows are widely recognized for their quick movements, making this a strong and salient feature.",,"{
  ""target_word"": ""sparrow"",
  ""feature_id"": 146,
  ""feature_value"": 3,
  ""confidence"": 0.85,
  ""ambiguous"": false,
  ""reason"": ""Sparrows are widely recognized for their quick movements, making this a strong and salient feature.""
}"
v4_atomic_shard_0000,sparrow,146,moves quickly,ce7622eeffcd0226f860fb961714cc5d3fd81a606246711a007ffa434c382922,2,3,0.85,False,"Sparrows are widely recognized for their quick movements, making this a strong and salient feature.",,"{
  ""target_word"": ""sparrow"",
  ""feature_id"": 146,
  ""feature_value"": 3,
  ""confidence"": 0.85,
  ""ambiguous"": false,
  ""reason"": ""Sparrows are widely recognized for their quick movements, making this a strong and salient feature.""
}"
v4_atomic_shard_0000,sparrow,146,moves quickly,ce7622eeffcd0226f860fb961714cc5d3fd81a606246711a007ffa434c382922,3,3,0.85,False,"Sparrows are widely recognized for their quick movements, making this a strong and salient feature.",,"{
  ""target_word"": ""sparrow"",
  ""feature_id"": 146,
  ""feature_value"": 3,
  ""confidence"": 0.85,
  ""ambiguous"": false,
  ""reason"": ""Sparrows are widely recognized for their quick movements, making this a strong and salient feature.""
}"
v4_atomic_shard_0000,horsefly,1,long tail,e9a087306bd65f8745a2075d7029dea9668e5ecb94ec3a18b644f3486ae3b624,1,0,0.92,False,"Horseflies do not have long tails, and this feature is not typically mentioned when describing them.",,"{
  ""target_word"": ""horsefly"",
  ""feature_id"": 1,
  ""feature_value"": 0,
  ""confidence"": 0.92,
  ""ambiguous"": False,
  ""reason"": ""Horseflies do not have long tails, and this feature is not typically mentioned when describing them.""
}"
v4_atomic_shard_0000,horsefly,1,long tail,e9a087306bd65f8745a2075d7029dea9668e5ecb94ec3a18b644f3486ae3b624,2,0,0.92,False,"Horseflies do not have long tails, and this feature is not typically mentioned when describing them.",,"{
  ""target_word"": ""horsefly"",
  ""feature_id"": 1,
  ""feature_value"": 0,
  ""confidence"": 0.92,
  ""ambiguous"": False,
  ""reason"": ""Horseflies do not have long tails, and this feature is not typically mentioned when describing them.""
}"
v4_atomic_shard_0000,horsefly,1,long tail,e9a087306bd65f8745a2075d7029dea9668e5ecb94ec3a18b644f3486ae3b624,3,0,0.92,False,"Horseflies do not have long tails, and this feature is not typically mentioned when describing them.",,"{
  ""target_word"": ""horsefly"",
  ""feature_id"": 1,
  ""feature_value"": 0,
  ""confidence"": 0.92,
  ""ambiguous"": False,
  ""reason"": ""Horseflies do not have long tails, and this feature is not typically mentioned when describing them.""
}"
