dataset_name,source_paper,source_file,list_id,critical_item,critical_item_key,n_list_words,list_set,list_CD_Raw,list_T_Raw,list_CD_BiasCorrected,list_T_BiasCorrected,list_FalseRecogPriorRecall,list_TrueRecogPriorRecall,list_FalseRecall,list_TrueRecall,list_MGS,list_MBAS,list_MFAS,list_DSM_SSim,list_Connect,list_CDfreq,list_MTfreq,list_CDcoc,list_Tcoc,list_CDlength,list_MTlength,list_MBAS_new,list_MBAS_A2,list_MGS_A2,list_MCON,list_CDfreq_A2,list_MTfreq_A2,list_Syn,list_Tax,list_Situ,list_MSR,list_pCDV,list_pCDG,list_pCDVG,list_pTV,list_pTG,list_pTVG,list_brainerd_list_type,list_A3_I,list_A3_E,list_A3_S_T,list_A3_P,list_A3_R,list_A3_S_R
Brainerd2020_120_4word_lists,"Brainerd, Chang, & Bialer (2020)",2020-48948-001.pdf,brainerd2020_120::ability,Ability,ability,4,,,,,,,,,,3.39,0.0,0.02,,,1.76,2.38,,,,,,0.0,3.39,0.0,1.76,2.38,0.0,1.0,0.0,0.33,0.07,0.08,0.16,0.15,0.11,0.19,Low-MBAS/low-MGS,0.1,0.09,0.17,0.12,0.14,0.05
Brainerd2020_120_4word_lists,"Brainerd, Chang, & Bialer (2020)",2020-48948-001.pdf,brainerd2020_120::accept,Accept,accept,4,,,,,,,,,,5.32,0.01,0.02,,,1.93,1.42,,,,,,0.01,5.32,1.25,1.93,1.42,1.0,0.0,0.0,0.33,0.18,0.27,0.39,0.13,0.11,0.13,Low-MBAS/high-MGS,0.0,0.01,0.16,0.12,0.22,0.33
Brainerd2020_120_4word_lists,"Brainerd, Chang, & Bialer (2020)",2020-48948-001.pdf,brainerd2020_120::act,Act,act,4,,,,,,,,,,5.46,0.21,0.07,,,2.31,1.27,,,,,,0.22,5.46,0.5,2.31,1.27,2.0,1.0,1.0,1.33,0.35,0.17,0.25,0.21,0.05,0.3,High-MBAS/high-MGS,0.27,0.2,0.1,0.12,0.0,0.36
Brainerd2020_120_4word_lists,"Brainerd, Chang, & Bialer (2020)",2020-48948-001.pdf,brainerd2020_120::add,Add,add,4,,,,,,,,,,5.69,0.1,0.02,,,1.83,1.58,,,,,,0.1,5.69,0.5,1.83,1.58,0.0,2.0,1.0,1.0,0.1,0.27,0.42,0.18,0.11,0.45,Low-MBAS/high-MGS,0.31,0.37,0.12,0.18,0.31,0.25
Brainerd2020_120_4word_lists,"Brainerd, Chang, & Bialer (2020)",2020-48948-001.pdf,brainerd2020_120::agent,Agent,agent,4,,,,,,,,,,1.98,0.0,,,,1.6,1.32,,,,,,,,,,,,,,,,,,,,,,,,,,,
Brainerd2020_120_4word_lists,"Brainerd, Chang, & Bialer (2020)",2020-48948-001.pdf,brainerd2020_120::answer,Answer,answer,4,,,,,,,,,,1.97,0.07,,,,2.3,1.83,,,,,,,,,,,,,,,,,,,,,,,,,,,
Brainerd2020_120_4word_lists,"Brainerd, Chang, & Bialer (2020)",2020-48948-001.pdf,brainerd2020_120::anxious,Anxious,anxious,4,,,,,,,,,,5.32,0.04,0.15,,,1.79,1.54,,,,,,0.04,5.32,0.75,1.79,1.54,4.0,0.0,0.0,1.33,0.07,0.21,0.25,0.21,0.17,0.36,Low-MBAS/high-MGS,0.19,0.23,0.27,0.07,0.22,0.16
Brainerd2020_120_4word_lists,"Brainerd, Chang, & Bialer (2020)",2020-48948-001.pdf,brainerd2020_120::approval,Approval,approval,4,,,,,,,,,,3.53,0.0,0.01,,,1.42,2.04,,,,,,0.0,3.53,0.0,1.42,2.04,1.0,0.0,0.0,0.33,0.13,0.24,0.22,0.15,0.11,0.19,Low-MBAS/low-MGS,0.1,0.09,0.17,0.0,0.14,0.25
Brainerd2020_120_4word_lists,"Brainerd, Chang, & Bialer (2020)",2020-48948-001.pdf,brainerd2020_120::army,Army,army,4,,,,,,,,,,5.8,0.27,,,,2.08,1.56,,,,,,,,,,,,,,,,,,,,,,,,,,,
Brainerd2020_120_4word_lists,"Brainerd, Chang, & Bialer (2020)",2020-48948-001.pdf,brainerd2020_120::art,Art,art,4,,,,,,,,,,5.34,0.23,0.02,,,2.23,1.57,,,,,,0.23,5.34,0.5,2.23,1.57,1.0,2.0,0.0,1.0,0.21,0.27,0.33,0.24,0.17,0.36,High-MBAS/high-MGS,0.19,0.2,0.3,0.08,0.16,0.36
Brainerd2020_120_4word_lists,"Brainerd, Chang, & Bialer (2020)",2020-48948-001.pdf,brainerd2020_120::bag,Bag,bag,4,,,,,,,,,,2.5,0.01,0.0,,,1.7,1.28,,,,,,0.01,2.5,0.0,1.7,1.28,0.0,0.0,1.0,0.33,0.04,0.0,0.13,0.24,0.11,0.19,Low-MBAS/low-MGS,0.09,0.0,0.24,0.13,0.01,0.0
Brainerd2020_120_4word_lists,"Brainerd, Chang, & Bialer (2020)",2020-48948-001.pdf,brainerd2020_120::ball,Ball,ball,4,,,,,,,,,,1.94,0.06,0.05,,,1.81,1.32,,,,,,0.06,1.94,0.0,1.81,1.32,0.0,0.0,1.0,0.33,0.04,0.27,0.16,0.15,0.02,0.33,High-MBAS/low-MGS,0.29,0.24,0.0,0.0,0.18,0.14
Brainerd2020_120_4word_lists,"Brainerd, Chang, & Bialer (2020)",2020-48948-001.pdf,brainerd2020_120::bank,Bank,bank,4,,,,,,,,,,5.75,0.32,,,,2.1,2.17,,,,,,,,,,,,,,,,,,,,,,,,,,,
Brainerd2020_120_4word_lists,"Brainerd, Chang, & Bialer (2020)",2020-48948-001.pdf,brainerd2020_120::beer,Beer,beer,4,,,,,,,,,,2.29,0.06,0.01,,,1.46,1.81,,,,,,0.06,2.29,0.0,1.46,1.81,0.0,1.0,0.0,0.33,0.07,0.24,0.19,0.3,0.02,0.45,High-MBAS/low-MGS,0.41,0.28,0.12,0.0,0.16,0.16
Brainerd2020_120_4word_lists,"Brainerd, Chang, & Bialer (2020)",2020-48948-001.pdf,brainerd2020_120::black,Black,black,4,,,,,,,,,,2.7,0.0,0.0,,,2.49,1.97,,,,,,0.02,2.7,0.0,2.49,1.97,0.0,0.0,0.0,0.0,0.0,0.0,0.02,0.13,0.05,0.22,Low-MBAS/low-MGS,0.15,0.11,0.12,0.0,0.05,0.0
Brainerd2020_120_4word_lists,"Brainerd, Chang, & Bialer (2020)",2020-48948-001.pdf,brainerd2020_120::body,Body,body,4,,,,,,,,,,2.41,0.01,0.02,,,2.48,1.25,,,,,,0.01,2.41,0.0,2.48,1.25,0.0,1.0,0.0,0.33,0.04,0.11,0.05,0.18,0.02,0.19,Low-MBAS/low-MGS,0.17,0.03,0.08,0.0,0.05,0.05
Brainerd2020_120_4word_lists,"Brainerd, Chang, & Bialer (2020)",2020-48948-001.pdf,brainerd2020_120::branch,Branch,branch,4,,,,,,,,,,5.08,0.05,,,,1.64,1.41,,,,,,,,,,,,,,,,,,,,,,,,,,,
Brainerd2020_120_4word_lists,"Brainerd, Chang, & Bialer (2020)",2020-48948-001.pdf,brainerd2020_120::bread,Bread,bread,4,,,,,,,,,,1.94,0.14,0.01,,,1.77,1.93,,,,,,0.14,1.94,0.0,1.77,1.93,1.0,0.0,0.0,0.33,0.13,0.05,0.13,0.15,0.02,0.05,High-MBAS/low-MGS,0.05,0.0,0.07,0.07,0.05,0.08
Brainerd2020_120_4word_lists,"Brainerd, Chang, & Bialer (2020)",2020-48948-001.pdf,brainerd2020_120::bridge,Bridge,bridge,4,,,,,,,,,,1.9,0.01,,,,1.8,1.86,,,,,,,,,,,,,,,,,,,,,,,,,,,
Brainerd2020_120_4word_lists,"Brainerd, Chang, & Bialer (2020)",2020-48948-001.pdf,brainerd2020_120::bright,Bright,bright,4,,,,,,,,,,2.07,0.0,,,,2.0,2.46,,,,,,,,,,,,,,,,,,,,,,,,,,,
Brainerd2020_120_4word_lists,"Brainerd, Chang, & Bialer (2020)",2020-48948-001.pdf,brainerd2020_120::building,Building,building,4,,,,,,,,,,5.22,0.23,,,,2.11,1.65,,,,,,,,,,,,,,,,,,,,,,,,,,,
Brainerd2020_120_4word_lists,"Brainerd, Chang, & Bialer (2020)",2020-48948-001.pdf,brainerd2020_120::buy,Buy,buy,4,,,,,,,,,,2.23,0.04,0.0,,,1.97,1.88,,,,,,0.04,2.23,0.0,1.97,1.88,0.0,0.0,1.0,0.33,0.07,0.0,0.1,0.3,0.0,0.27,High-MBAS/low-MGS,0.32,0.0,0.09,0.09,0.02,0.0
Brainerd2020_120_4word_lists,"Brainerd, Chang, & Bialer (2020)",2020-48948-001.pdf,brainerd2020_120::cabin,Cabin,cabin,4,,,,,,,,,,5.53,0.02,0.05,,,1.59,1.78,,,,,,0.01,5.53,0.75,1.59,1.78,1.0,0.0,3.0,1.33,0.33,0.24,0.13,0.44,0.17,0.27,Low-MBAS/high-MGS,0.17,0.0,0.41,0.0,0.0,0.33
Brainerd2020_120_4word_lists,"Brainerd, Chang, & Bialer (2020)",2020-48948-001.pdf,brainerd2020_120::chair,Chair,chair,4,,,,,,,,,,5.43,0.44,0.19,,,2.11,2.08,,,,,,0.44,5.43,1.25,2.11,2.08,1.0,1.0,2.0,1.33,0.24,0.33,0.3,0.41,0.0,0.42,High-MBAS/high-MGS,0.42,0.0,0.29,0.0,0.06,0.4
Brainerd2020_120_4word_lists,"Brainerd, Chang, & Bialer (2020)",2020-48948-001.pdf,brainerd2020_120::church,Church,church,4,,,,,,,,,,2.3,0.04,0.0,,,2.31,1.63,,,,,,0.05,2.3,0.0,2.31,1.63,0.0,0.0,1.0,0.33,0.15,0.27,0.33,0.1,0.33,0.27,High-MBAS/low-MGS,0.0,0.19,0.28,0.07,0.17,0.31
Brainerd2020_120_4word_lists,"Brainerd, Chang, & Bialer (2020)",2020-48948-001.pdf,brainerd2020_120::class,Class,class,4,,,,,,,,,,5.83,0.03,0.1,,,2.22,2.05,,,,,,0.04,5.83,2.25,2.22,2.05,0.0,0.0,4.0,1.33,0.1,0.33,0.22,0.24,0.21,0.42,Low-MBAS/high-MGS,0.21,0.25,0.32,0.0,0.19,0.23
Brainerd2020_120_4word_lists,"Brainerd, Chang, & Bialer (2020)",2020-48948-001.pdf,brainerd2020_120::clerk,Clerk,clerk,4,,,,,,,,,,2.04,0.02,,,,1.48,1.59,,,,,,,,,,,,,,,,,,,,,,,,,,,
Brainerd2020_120_4word_lists,"Brainerd, Chang, & Bialer (2020)",2020-48948-001.pdf,brainerd2020_120::cold,Cold,cold,4,,,,,,,,,,5.08,0.43,,,,2.23,1.64,,,,,,,,,,,,,,,,,,,,,,,,,,,
Brainerd2020_120_4word_lists,"Brainerd, Chang, & Bialer (2020)",2020-48948-001.pdf,brainerd2020_120::comment,Comment,comment,4,,,,,,,,,,5.31,0.03,,,,1.63,1.76,,,,,,,,,,,,,,,,,,,,,,,,,,,
Brainerd2020_120_4word_lists,"Brainerd, Chang, & Bialer (2020)",2020-48948-001.pdf,brainerd2020_120::computer,Computer,computer,4,,,,,,,,,,5.52,0.31,0.03,,,2.03,1.71,,,,,,0.31,5.52,0.0,2.03,1.71,0.0,1.0,3.0,1.33,0.13,0.21,0.36,0.35,0.02,0.3,High-MBAS/high-MGS,0.28,0.0,0.23,0.17,0.25,0.2
Brainerd2020_120_4word_lists,"Brainerd, Chang, & Bialer (2020)",2020-48948-001.pdf,brainerd2020_120::contract,Contract,contract,4,,,,,,,,,,5.32,0.02,0.03,,,1.83,2.13,,,,,,0.02,5.32,0.5,1.83,2.13,1.0,0.0,3.0,1.33,0.01,0.02,0.22,0.13,0.05,0.13,Low-MBAS/high-MGS,0.07,0.0,0.12,0.15,0.13,0.0
Brainerd2020_120_4word_lists,"Brainerd, Chang, & Bialer (2020)",2020-48948-001.pdf,brainerd2020_120::control,Control,control,4,,,,,,,,,,5.01,0.03,0.03,,,2.26,1.96,,,,,,0.04,5.01,0.25,2.26,1.96,3.0,0.0,0.0,1.0,0.18,0.08,0.19,0.35,0.3,0.3,Low-MBAS/high-MGS,0.0,0.0,0.45,0.09,0.02,0.16
Brainerd2020_120_4word_lists,"Brainerd, Chang, & Bialer (2020)",2020-48948-001.pdf,brainerd2020_120::cover,Cover,cover,4,,,,,,,,,,2.12,0.0,0.0,,,1.89,1.56,,,,,,0.01,2.12,0.0,1.89,1.56,0.0,0.0,1.0,0.33,0.15,0.05,0.1,0.24,0.11,0.16,Low-MBAS/low-MGS,0.05,0.0,0.21,0.05,0.0,0.11
Brainerd2020_120_4word_lists,"Brainerd, Chang, & Bialer (2020)",2020-48948-001.pdf,brainerd2020_120::crowd,Crowd,crowd,4,,,,,,,,,,2.57,0.01,0.0,,,1.88,1.66,,,,,,0.01,2.57,0.0,1.88,1.66,1.0,0.0,0.0,0.33,0.24,0.11,0.1,0.27,0.05,0.19,Low-MBAS/low-MGS,0.18,0.0,0.18,0.06,0.0,0.19
Brainerd2020_120_4word_lists,"Brainerd, Chang, & Bialer (2020)",2020-48948-001.pdf,brainerd2020_120::dance,Dance,dance,4,,,,,,,,,,1.91,0.11,,,,1.73,1.83,,,,,,,,,,,,,,,,,,,,,,,,,,,
Brainerd2020_120_4word_lists,"Brainerd, Chang, & Bialer (2020)",2020-48948-001.pdf,brainerd2020_120::danger,Danger,danger,4,,,,,,,,,,1.96,0.04,0.01,,,1.93,1.21,,,,,,0.04,1.96,0.0,1.93,1.21,1.0,0.0,1.0,0.67,0.35,0.24,0.25,0.13,0.0,0.3,High-MBAS/low-MGS,0.26,0.15,0.0,0.02,0.0,0.4
Brainerd2020_120_4word_lists,"Brainerd, Chang, & Bialer (2020)",2020-48948-001.pdf,brainerd2020_120::dangerous,Dangerous,dangerous,4,,,,,,,,,,4.88,0.05,,,,1.77,1.36,,,,,,,,,,,,,,,,,,,,,,,,,,,
Brainerd2020_120_4word_lists,"Brainerd, Chang, & Bialer (2020)",2020-48948-001.pdf,brainerd2020_120::design,Design,design,4,,,,,,,,,,5.24,0.05,0.02,,,1.86,1.52,,,,,,0.05,5.24,0.0,1.86,1.52,0.0,1.0,3.0,1.33,0.21,0.33,0.33,0.15,0.0,0.22,Low-MBAS/high-MGS,0.23,0.07,0.0,0.0,0.14,0.39
Brainerd2020_120_4word_lists,"Brainerd, Chang, & Bialer (2020)",2020-48948-001.pdf,brainerd2020_120::determine,Determine,determine,4,,,,,,,,,,3.17,0.01,0.04,,,1.5,1.91,,,,,,0.01,3.17,0.0,1.5,1.91,1.0,0.0,0.0,0.33,0.04,0.14,0.16,0.27,0.11,0.39,Low-MBAS/low-MGS,0.28,0.22,0.26,0.05,0.17,0.09
Brainerd2020_120_4word_lists,"Brainerd, Chang, & Bialer (2020)",2020-48948-001.pdf,brainerd2020_120::devil,Devil,devil,4,,,,,,,,,,1.55,0.14,,,,1.7,1.08,,,,,,,,,,,,,,,,,,,,,,,,,,,
Brainerd2020_120_4word_lists,"Brainerd, Chang, & Bialer (2020)",2020-48948-001.pdf,brainerd2020_120::disaster,Disaster,disaster,4,,,,,,,,,,2.5,0.01,0.03,,,1.32,1.4,,,,,,0.02,2.5,0.0,1.32,1.4,0.0,1.0,0.0,0.33,0.1,0.17,0.19,0.18,0.17,0.3,Low-MBAS/low-MGS,0.11,0.11,0.26,0.0,0.06,0.2
Brainerd2020_120_4word_lists,"Brainerd, Chang, & Bialer (2020)",2020-48948-001.pdf,brainerd2020_120::doctor,Doctor,doctor,4,,,,,,,,,,2.69,0.09,0.01,,,2.15,1.74,,,,,,0.09,2.69,0.0,2.15,1.74,0.0,0.0,1.0,0.33,0.15,0.17,0.3,0.18,0.0,0.13,High-MBAS/low-MGS,0.24,0.0,0.0,0.13,0.15,0.23
Brainerd2020_120_4word_lists,"Brainerd, Chang, & Bialer (2020)",2020-48948-001.pdf,brainerd2020_120::drug,Drug,drug,4,,,,,,,,,,1.66,0.04,,,,1.45,1.9,,,,,,,,,,,,,,,,,,,,,,,,,,,
Brainerd2020_120_4word_lists,"Brainerd, Chang, & Bialer (2020)",2020-48948-001.pdf,brainerd2020_120::equal,Equal,equal,4,,,,,,,,,,1.81,0.0,,,,1.83,2.01,,,,,,,,,,,,,,,,,,,,,,,,,,,
Brainerd2020_120_4word_lists,"Brainerd, Chang, & Bialer (2020)",2020-48948-001.pdf,brainerd2020_120::famous,Famous,famous,4,,,,,,,,,,4.5,0.02,,,,1.8,1.82,,,,,,,,,,,,,,,,,,,,,,,,,,,
Brainerd2020_120_4word_lists,"Brainerd, Chang, & Bialer (2020)",2020-48948-001.pdf,brainerd2020_120::fast,Fast,fast,4,,,,,,,,,,2.08,0.09,,,,1.98,1.84,,,,,,,,,,,,,,,,,,,,,,,,,,,
Brainerd2020_120_4word_lists,"Brainerd, Chang, & Bialer (2020)",2020-48948-001.pdf,brainerd2020_120::fear,Fear,fear,4,,,,,,,,,,2.8,0.03,0.01,,,2.23,1.86,,,,,,0.03,2.8,0.0,2.23,1.86,1.0,0.0,0.0,0.33,0.3,0.24,0.27,0.24,0.02,0.25,High-MBAS/high-MGS,0.22,0.0,0.16,0.04,0.0,0.38
Brainerd2020_120_4word_lists,"Brainerd, Chang, & Bialer (2020)",2020-48948-001.pdf,brainerd2020_120::flower,Flower,flower,4,,,,,,,,,,2.57,0.2,0.0,,,1.67,2.04,,,,,,0.2,2.57,0.0,1.67,2.04,0.0,1.0,0.0,0.33,0.13,0.17,0.25,0.35,0.0,0.25,High-MBAS/low-MGS,0.33,0.0,0.15,0.11,0.18,0.18
Brainerd2020_120_4word_lists,"Brainerd, Chang, & Bialer (2020)",2020-48948-001.pdf,brainerd2020_120::foot,Foot,foot,4,,,,,,,,,,4.37,0.01,,,,2.12,2.0,,,,,,,,,,,,,,,,,,,,,,,,,,,
Brainerd2020_120_4word_lists,"Brainerd, Chang, & Bialer (2020)",2020-48948-001.pdf,brainerd2020_120::forever,Forever,forever,4,,,,,,,,,,5.75,0.35,0.09,,,1.53,2.2,,,,,,0.35,5.75,0.75,1.53,2.2,4.0,0.0,0.0,1.33,0.21,0.14,0.16,0.27,0.08,0.16,High-MBAS/high-MGS,0.1,0.0,0.2,0.01,0.0,0.23
Brainerd2020_120_4word_lists,"Brainerd, Chang, & Bialer (2020)",2020-48948-001.pdf,brainerd2020_120::fruit,Fruit,fruit,4,,,,,,,,,,5.29,0.19,0.14,,,1.69,1.28,,,,,,0.19,5.29,1.25,1.69,1.28,0.0,4.0,0.0,1.33,0.0,0.3,0.3,0.38,0.14,0.45,High-MBAS/high-MGS,0.3,0.14,0.44,0.0,0.46,0.0
Brainerd2020_120_4word_lists,"Brainerd, Chang, & Bialer (2020)",2020-48948-001.pdf,brainerd2020_120::grass,Grass,grass,4,,,,,,,,,,5.68,0.34,0.05,,,1.87,1.25,,,,,,0.34,5.68,1.75,1.87,1.25,1.0,1.0,2.0,1.33,0.15,0.14,0.3,0.13,0.02,0.27,High-MBAS/high-MGS,0.22,0.19,0.0,0.15,0.15,0.18
Brainerd2020_120_4word_lists,"Brainerd, Chang, & Bialer (2020)",2020-48948-001.pdf,brainerd2020_120::green,Green,green,4,,,,,,,,,,4.42,0.04,,,,2.22,2.23,,,,,,,,,,,,,,,,,,,,,,,,,,,
Brainerd2020_120_4word_lists,"Brainerd, Chang, & Bialer (2020)",2020-48948-001.pdf,brainerd2020_120::ground,Ground,ground,4,,,,,,,,,,4.71,0.03,0.11,,,2.34,1.87,,,,,,0.03,4.71,0.5,2.34,1.87,1.0,0.0,2.0,1.0,0.15,0.36,0.42,0.35,0.05,0.25,Low-MBAS/high-MGS,0.24,0.0,0.24,0.06,0.27,0.41
Brainerd2020_120_4word_lists,"Brainerd, Chang, & Bialer (2020)",2020-48948-001.pdf,brainerd2020_120::gun,Gun,gun,4,,,,,,,,,,5.89,0.58,,,,1.7,1.3,,,,,,,,,,,,,,,,,,,,,,,,,,,
Brainerd2020_120_4word_lists,"Brainerd, Chang, & Bialer (2020)",2020-48948-001.pdf,brainerd2020_120::hair,Hair,hair,4,,,,,,,,,,2.62,0.05,0.01,,,2.29,2.36,,,,,,0.05,2.62,0.0,2.29,2.36,0.0,0.0,1.0,0.33,0.1,0.08,0.07,0.21,0.21,0.27,High-MBAS/low-MGS,0.06,0.06,0.3,0.01,0.0,0.11
Brainerd2020_120_4word_lists,"Brainerd, Chang, & Bialer (2020)",2020-48948-001.pdf,brainerd2020_120::harsh,Harsh,harsh,4,,,,,,,,,,2.0,0.0,,,,1.24,1.66,,,,,,,,,,,,,,,,,,,,,,,,,,,
Brainerd2020_120_4word_lists,"Brainerd, Chang, & Bialer (2020)",2020-48948-001.pdf,brainerd2020_120::heat,Heat,heat,4,,,,,,,,,,2.7,0.0,0.02,,,1.82,1.81,,,,,,0.01,2.7,0.0,1.82,1.81,1.0,0.0,0.0,0.33,0.04,0.02,0.1,0.18,0.14,0.33,Low-MBAS/low-MGS,0.17,0.16,0.22,0.07,0.02,0.03
Brainerd2020_120_4word_lists,"Brainerd, Chang, & Bialer (2020)",2020-48948-001.pdf,brainerd2020_120::hill,Hill,hill,4,,,,,,,,,,5.3,0.19,0.03,,,2.0,2.11,,,,,,0.23,5.3,0.75,2.0,2.11,0.0,0.0,2.0,0.67,0.21,0.3,0.16,0.15,0.11,0.3,High-MBAS/high-MGS,0.21,0.19,0.12,0.0,0.0,0.31
Brainerd2020_120_4word_lists,"Brainerd, Chang, & Bialer (2020)",2020-48948-001.pdf,brainerd2020_120::hold,Hold,hold,4,,,,,,,,,,4.37,0.03,,,,2.29,1.59,,,,,,,,,,,,,,,,,,,,,,,,,,,
Brainerd2020_120_4word_lists,"Brainerd, Chang, & Bialer (2020)",2020-48948-001.pdf,brainerd2020_120::honor,Honor,honor,4,,,,,,,,,,5.26,0.04,0.05,,,1.69,1.97,,,,,,0.04,5.26,0.5,1.69,1.97,2.0,0.0,0.0,0.67,0.1,0.11,0.19,0.1,0.21,0.27,Low-MBAS/high-MGS,0.04,0.19,0.19,0.05,0.09,0.12
Brainerd2020_120_4word_lists,"Brainerd, Chang, & Bialer (2020)",2020-48948-001.pdf,brainerd2020_120::horse,Horse,horse,4,,,,,,,,,,5.47,0.74,0.06,,,2.2,1.11,,,,,,0.74,5.47,0.5,2.2,1.11,0.0,2.0,2.0,1.33,0.07,0.24,0.16,0.1,0.02,0.22,High-MBAS/low-MGS,0.2,0.12,0.0,0.0,0.1,0.18
Brainerd2020_120_4word_lists,"Brainerd, Chang, & Bialer (2020)",2020-48948-001.pdf,brainerd2020_120::judge,Judge,judge,4,,,,,,,,,,2.43,0.06,0.07,,,1.92,1.91,,,,,,0.06,2.43,0.0,1.92,1.91,0.0,0.0,1.0,0.33,0.24,0.17,0.27,0.01,0.11,0.19,High-MBAS/low-MGS,0.06,0.15,0.05,0.08,0.01,0.31
Brainerd2020_120_4word_lists,"Brainerd, Chang, & Bialer (2020)",2020-48948-001.pdf,brainerd2020_120::land,Land,land,4,,,,,,,,,,4.17,0.09,0.02,,,2.41,2.02,,,,,,0.09,4.17,0.0,2.41,2.02,1.0,2.0,0.0,1.0,0.3,0.21,0.22,0.33,0.08,0.42,Low-MBAS/high-MGS,0.31,0.17,0.28,0.02,0.0,0.33
Brainerd2020_120_4word_lists,"Brainerd, Chang, & Bialer (2020)",2020-48948-001.pdf,brainerd2020_120::language,Language,language,4,,,,,,,,,,5.37,0.02,0.1,,,2.16,2.0,,,,,,0.02,5.37,0.75,2.16,2.0,0.0,1.0,3.0,1.33,0.04,0.05,0.3,0.18,0.08,0.42,Low-MBAS/high-MGS,0.31,0.31,0.11,0.23,0.2,0.0
Brainerd2020_120_4word_lists,"Brainerd, Chang, & Bialer (2020)",2020-48948-001.pdf,brainerd2020_120::large,Large,large,4,,,,,,,,,,2.22,0.01,0.01,,,2.53,1.8,,,,,,0.01,2.22,0.0,2.53,1.8,1.0,0.0,0.0,0.33,0.1,0.17,0.19,0.18,0.14,0.22,Low-MBAS/low-MGS,0.05,0.04,0.22,0.0,0.1,0.17
Brainerd2020_120_4word_lists,"Brainerd, Chang, & Bialer (2020)",2020-48948-001.pdf,brainerd2020_120::lazy,Lazy,lazy,4,,,,,,,,,,2.05,0.01,,,,1.17,1.74,,,,,,,,,,,,,,,,,,,,,,,,,,,
Brainerd2020_120_4word_lists,"Brainerd, Chang, & Bialer (2020)",2020-48948-001.pdf,brainerd2020_120::lecture,Lecture,lecture,4,,,,,,,,,,1.74,0.01,,,,1.35,0.58,,,,,,,,,,,,,,,,,,,,,,,,,,,
Brainerd2020_120_4word_lists,"Brainerd, Chang, & Bialer (2020)",2020-48948-001.pdf,brainerd2020_120::liberty,Liberty,liberty,4,,,,,,,,,,5.39,0.06,0.16,,,1.6,2.05,,,,,,0.06,5.39,1.25,1.6,2.05,2.0,0.0,1.0,1.0,0.13,0.3,0.25,0.33,0.17,0.53,Low-MBAS/high-MGS,0.34,0.32,0.45,0.0,0.13,0.28
Brainerd2020_120_4word_lists,"Brainerd, Chang, & Bialer (2020)",2020-48948-001.pdf,brainerd2020_120::lose,Lose,lose,4,,,,,,,,,,4.81,0.46,,,,1.86,2.19,,,,,,,,,,,,,,,,,,,,,,,,,,,
Brainerd2020_120_4word_lists,"Brainerd, Chang, & Bialer (2020)",2020-48948-001.pdf,brainerd2020_120::map,Map,map,4,,,,,,,,,,1.82,0.13,,,,1.48,1.59,,,,,,,,,,,,,,,,,,,,,,,,,,,
Brainerd2020_120_4word_lists,"Brainerd, Chang, & Bialer (2020)",2020-48948-001.pdf,brainerd2020_120::match,Match,match,4,,,,,,,,,,2.5,0.01,0.01,,,1.81,2.18,,,,,,0.01,2.5,0.0,1.81,2.18,0.0,0.0,1.0,0.33,0.13,0.08,0.19,0.3,0.0,0.16,Low-MBAS/low-MGS,0.33,0.0,0.0,0.12,0.08,0.11
Brainerd2020_120_4word_lists,"Brainerd, Chang, & Bialer (2020)",2020-48948-001.pdf,brainerd2020_120::middle,Middle,middle,4,,,,,,,,,,2.57,0.01,0.01,,,2.13,1.8,,,,,,0.01,2.57,0.0,2.13,1.8,1.0,0.0,0.0,0.33,0.0,0.0,0.0,0.15,0.02,0.1,Low-MBAS/low-MGS,0.09,0.0,0.12,0.0,0.0,0.0
Brainerd2020_120_4word_lists,"Brainerd, Chang, & Bialer (2020)",2020-48948-001.pdf,brainerd2020_120::move,Move,move,4,,,,,,,,,,4.38,0.22,0.02,,,2.17,2.35,,,,,,0.22,4.38,0.5,2.17,2.35,1.0,2.0,0.0,1.0,0.24,0.17,0.22,0.13,0.0,0.07,High-MBAS/high-MGS,0.12,0.0,0.05,0.06,0.02,0.29
Brainerd2020_120_4word_lists,"Brainerd, Chang, & Bialer (2020)",2020-48948-001.pdf,brainerd2020_120::oil,Oil,oil,4,,,,,,,,,,5.36,0.13,,,,1.81,1.74,,,,,,,,,,,,,,,,,,,,,,,,,,,
Brainerd2020_120_4word_lists,"Brainerd, Chang, & Bialer (2020)",2020-48948-001.pdf,brainerd2020_120::order,Order,order,4,,,,,,,,,,2.9,0.01,0.01,,,2.49,1.91,,,,,,0.01,2.9,0.0,2.49,1.91,0.0,0.0,0.0,0.0,0.27,0.14,0.19,0.24,0.0,0.16,Low-MBAS/low-MGS,0.24,0.0,0.07,0.08,0.0,0.28
Brainerd2020_120_4word_lists,"Brainerd, Chang, & Bialer (2020)",2020-48948-001.pdf,brainerd2020_120::package,Package,package,4,,,,,,,,,,5.61,0.03,0.05,,,1.47,1.73,,,,,,0.03,5.61,1.0,1.47,1.73,0.0,1.0,3.0,1.33,0.27,0.24,0.19,0.3,0.14,0.3,Low-MBAS/high-MGS,0.18,0.07,0.32,0.0,0.0,0.34
Brainerd2020_120_4word_lists,"Brainerd, Chang, & Bialer (2020)",2020-48948-001.pdf,brainerd2020_120::parent,Parent,parent,4,,,,,,,,,,2.37,0.03,0.01,,,1.45,1.37,,,,,,0.03,2.37,0.0,1.45,1.37,0.0,1.0,0.0,0.33,0.1,0.08,0.16,0.53,0.0,0.42,Low-MBAS/low-MGS,0.45,0.0,0.36,0.07,0.09,0.08
Brainerd2020_120_4word_lists,"Brainerd, Chang, & Bialer (2020)",2020-48948-001.pdf,brainerd2020_120::peace,Peace,peace,4,,,,,,,,,,4.13,0.07,0.09,,,2.08,1.98,,,,,,0.07,4.13,0.0,2.08,1.98,0.0,0.0,0.0,0.0,0.13,0.11,0.27,0.21,0.02,0.3,High-MBAS/high-MGS,0.3,0.19,0.07,0.22,0.19,0.1
Brainerd2020_120_4word_lists,"Brainerd, Chang, & Bialer (2020)",2020-48948-001.pdf,brainerd2020_120::pen,Pen,pen,4,,,,,,,,,,4.66,0.0,,,,1.55,1.62,,,,,,,,,,,,,,,,,,,,,,,,,,,
Brainerd2020_120_4word_lists,"Brainerd, Chang, & Bialer (2020)",2020-48948-001.pdf,brainerd2020_120::picture,Picture,picture,4,,,,,,,,,,5.58,0.48,0.15,,,2.06,1.36,,,,,,0.48,5.58,1.5,2.06,1.36,2.0,0.0,2.0,1.33,0.24,0.17,0.42,0.3,0.11,0.42,High-MBAS/low-MGS,0.28,0.15,0.31,0.27,0.17,0.31
Brainerd2020_120_4word_lists,"Brainerd, Chang, & Bialer (2020)",2020-48948-001.pdf,brainerd2020_120::plan,Plan,plan,4,,,,,,,,,,1.75,0.04,,,,2.06,1.73,,,,,,,,,,,,,,,,,,,,,,,,,,,
Brainerd2020_120_4word_lists,"Brainerd, Chang, & Bialer (2020)",2020-48948-001.pdf,brainerd2020_120::poet,Poet,poet,4,,,,,,,,,,3.76,0.01,0.06,,,1.6,2.05,,,,,,0.01,3.76,0.0,1.6,2.05,0.0,1.0,0.0,0.33,0.01,0.08,0.13,0.27,0.0,0.16,Low-MBAS/low-MGS,0.22,0.0,0.12,0.08,0.17,0.0
Brainerd2020_120_4word_lists,"Brainerd, Chang, & Bialer (2020)",2020-48948-001.pdf,brainerd2020_120::police,Police,police,4,,,,,,,,,,1.44,0.06,,,,2.17,1.16,,,,,,,,,,,,,,,,,,,,,,,,,,,
Brainerd2020_120_4word_lists,"Brainerd, Chang, & Bialer (2020)",2020-48948-001.pdf,brainerd2020_120::present,Present,present,4,,,,,,,,,,3.85,0.1,,,,2.47,1.84,,,,,,,,,,,,,,,,,,,,,,,,,,,
Brainerd2020_120_4word_lists,"Brainerd, Chang, & Bialer (2020)",2020-48948-001.pdf,brainerd2020_120::pretty,Pretty,pretty,4,,,,,,,,,,5.69,0.27,0.04,,,2.19,1.87,,,,,,0.27,5.69,1.5,2.19,1.87,3.0,0.0,0.0,1.0,0.27,0.3,0.42,0.3,0.17,0.42,High-MBAS/high-MGS,0.21,0.17,0.36,0.1,0.16,0.44
Brainerd2020_120_4word_lists,"Brainerd, Chang, & Bialer (2020)",2020-48948-001.pdf,brainerd2020_120::private,Private,private,4,,,,,,,,,,4.88,0.15,,,,2.12,2.16,,,,,,,,,,,,,,,,,,,,,,,,,,,
Brainerd2020_120_4word_lists,"Brainerd, Chang, & Bialer (2020)",2020-48948-001.pdf,brainerd2020_120::prove,Prove,prove,4,,,,,,,,,,2.06,0.01,,,,1.82,1.59,,,,,,,,,,,,,,,,,,,,,,,,,,,
Brainerd2020_120_4word_lists,"Brainerd, Chang, & Bialer (2020)",2020-48948-001.pdf,brainerd2020_120::rain,Rain,rain,4,,,,,,,,,,1.91,0.18,,,,1.91,1.57,,,,,,,,,,,,,,,,,,,,,,,,,,,
Brainerd2020_120_4word_lists,"Brainerd, Chang, & Bialer (2020)",2020-48948-001.pdf,brainerd2020_120::real,Real,real,4,,,,,,,,,,1.74,0.01,,,,2.41,1.25,,,,,,,,,,,,,,,,,,,,,,,,,,,
Brainerd2020_120_4word_lists,"Brainerd, Chang, & Bialer (2020)",2020-48948-001.pdf,brainerd2020_120::record,Record,record,4,,,,,,,,,,5.76,0.06,0.12,,,2.02,1.7,,,,,,0.06,5.76,1.5,2.02,1.7,0.0,2.0,2.0,1.33,0.35,0.21,0.25,0.44,0.3,0.5,Low-MBAS/high-MGS,0.2,0.13,0.63,0.08,0.0,0.38
Brainerd2020_120_4word_lists,"Brainerd, Chang, & Bialer (2020)",2020-48948-001.pdf,brainerd2020_120::ring,Ring,ring,4,,,,,,,,,,5.61,0.04,0.11,,,1.67,1.9,,,,,,0.04,5.61,0.5,1.67,1.9,0.0,0.0,4.0,1.33,0.41,0.11,0.36,0.3,0.08,0.56,Low-MBAS/high-MGS,0.47,0.55,0.22,0.26,0.0,0.4
Brainerd2020_120_4word_lists,"Brainerd, Chang, & Bialer (2020)",2020-48948-001.pdf,brainerd2020_120::river,River,river,4,,,,,,,,,,5.7,0.21,,,,2.25,1.64,,,,,,,,,,,,,,,,,,,,,,,,,,,
Brainerd2020_120_4word_lists,"Brainerd, Chang, & Bialer (2020)",2020-48948-001.pdf,brainerd2020_120::rock,Rock,rock,4,,,,,,,,,,5.23,0.39,0.14,,,1.92,1.69,,,,,,0.39,5.23,0.25,1.92,1.69,1.0,2.0,1.0,1.33,0.38,0.39,0.25,0.38,0.17,0.3,High-MBAS/high-MGS,0.17,0.0,0.39,0.0,0.0,0.49
Brainerd2020_120_4word_lists,"Brainerd, Chang, & Bialer (2020)",2020-48948-001.pdf,brainerd2020_120::roof,Roof,roof,4,,,,,,,,,,4.16,0.27,,,,1.72,1.11,,,,,,,,,,,,,,,,,,,,,,,,,,,
Brainerd2020_120_4word_lists,"Brainerd, Chang, & Bialer (2020)",2020-48948-001.pdf,brainerd2020_120::rope,Rope,rope,4,,,,,,,,,,5.5,0.22,0.06,,,1.48,1.09,,,,,,0.22,5.5,1.0,1.48,1.09,0.0,1.0,3.0,1.33,0.27,0.27,0.45,0.18,0.17,0.33,High-MBAS/high-MGS,0.14,0.15,0.25,0.19,0.17,0.44
Brainerd2020_120_4word_lists,"Brainerd, Chang, & Bialer (2020)",2020-48948-001.pdf,brainerd2020_120::rule,Rule,rule,4,,,,,,,,,,3.4,0.02,,,,1.93,1.8,,,,,,,,,,,,,,,,,,,,,,,,,,,
Brainerd2020_120_4word_lists,"Brainerd, Chang, & Bialer (2020)",2020-48948-001.pdf,brainerd2020_120::sad,Sad,sad,4,,,,,,,,,,5.25,0.41,0.2,,,1.78,2.01,,,,,,0.41,5.25,1.0,1.78,2.01,0.0,2.0,1.0,1.0,0.53,0.27,0.42,0.33,0.14,0.25,High-MBAS/low-MGS,0.13,0.0,0.32,0.18,0.0,0.59
Brainerd2020_120_4word_lists,"Brainerd, Chang, & Bialer (2020)",2020-48948-001.pdf,brainerd2020_120::save,Save,save,4,,,,,,,,,,3.28,0.02,,,,2.09,2.0,,,,,,,,,,,,,,,,,,,,,,,,,,,
Brainerd2020_120_4word_lists,"Brainerd, Chang, & Bialer (2020)",2020-48948-001.pdf,brainerd2020_120::schedule,Schedule,schedule,4,,,,,,,,,,5.55,0.04,0.02,,,1.24,1.49,,,,,,0.04,5.55,0.0,1.24,1.49,0.0,0.0,3.0,1.0,0.21,0.17,0.39,0.24,0.21,0.36,Low-MBAS/high-MGS,0.13,0.12,0.34,0.23,0.16,0.28
Brainerd2020_120_4word_lists,"Brainerd, Chang, & Bialer (2020)",2020-48948-001.pdf,brainerd2020_120::science,Science,science,4,,,,,,,,,,1.9,0.01,,,,2.03,1.27,,,,,,,,,,,,,,,,,,,,,,,,,,,
Brainerd2020_120_4word_lists,"Brainerd, Chang, & Bialer (2020)",2020-48948-001.pdf,brainerd2020_120::sing,Sing,sing,4,,,,,,,,,,1.77,0.1,,,,1.66,1.66,,,,,,,,,,,,,,,,,,,,,,,,,,,
Brainerd2020_120_4word_lists,"Brainerd, Chang, & Bialer (2020)",2020-48948-001.pdf,brainerd2020_120::single,Single,single,4,,,,,,,,,,2.39,0.01,0.03,,,2.22,1.85,,,,,,0.01,2.39,0.0,2.22,1.85,1.0,0.0,0.0,0.33,0.07,0.0,0.19,0.15,0.08,0.3,Low-MBAS/low-MGS,0.17,0.17,0.13,0.15,0.07,0.0
Brainerd2020_120_4word_lists,"Brainerd, Chang, & Bialer (2020)",2020-48948-001.pdf,brainerd2020_120::sleep,Sleep,sleep,4,,,,,,,,,,2.12,0.04,0.01,,,2.13,1.63,,,,,,0.04,2.12,0.0,2.13,1.63,0.0,0.0,1.0,0.33,0.21,0.21,0.0,0.15,0.0,0.13,High-MBAS/low-MGS,0.24,0.0,0.0,0.0,0.0,0.18
Brainerd2020_120_4word_lists,"Brainerd, Chang, & Bialer (2020)",2020-48948-001.pdf,brainerd2020_120::smoke,Smoke,smoke,4,,,,,,,,,,5.9,0.1,,,,1.81,1.39,,,,,,,,,,,,,,,,,,,,,,,,,,,
Brainerd2020_120_4word_lists,"Brainerd, Chang, & Bialer (2020)",2020-48948-001.pdf,brainerd2020_120::soft,Soft,soft,4,,,,,,,,,,3.19,0.14,0.13,,,1.99,2.01,,,,,,0.14,3.19,0.0,1.99,2.01,0.0,0.0,0.0,0.0,0.04,0.05,0.13,0.27,0.14,0.3,High-MBAS/low-MGS,0.17,0.09,0.3,0.12,0.13,0.0
Brainerd2020_120_4word_lists,"Brainerd, Chang, & Bialer (2020)",2020-48948-001.pdf,brainerd2020_120::sorry,Sorry,sorry,4,,,,,,,,,,3.06,0.05,0.01,,,2.04,1.47,,,,,,0.05,3.06,0.0,2.04,1.47,0.0,0.0,0.0,0.0,0.04,0.27,0.0,0.24,0.02,0.13,High-MBAS/low-MGS,0.25,0.0,0.07,0.0,0.05,0.06
Brainerd2020_120_4word_lists,"Brainerd, Chang, & Bialer (2020)",2020-48948-001.pdf,brainerd2020_120::square,Square,square,4,,,,,,,,,,5.62,0.37,0.17,,,1.91,2.09,,,,,,0.37,5.62,1.75,1.91,2.09,0.0,4.0,0.0,1.33,0.24,0.21,0.25,0.44,0.21,0.3,High-MBAS/low-MGS,0.13,0.0,0.43,0.02,0.04,0.3
Brainerd2020_120_4word_lists,"Brainerd, Chang, & Bialer (2020)",2020-48948-001.pdf,brainerd2020_120::straight,Straight,straight,4,,,,,,,,,,2.74,0.05,0.01,,,2.08,2.13,,,,,,0.05,2.74,0.0,2.08,2.13,0.0,0.0,0.0,0.0,0.27,0.11,0.19,0.24,0.0,0.25,High-MBAS/low-MGS,0.26,0.01,0.12,0.12,0.0,0.24
Brainerd2020_120_4word_lists,"Brainerd, Chang, & Bialer (2020)",2020-48948-001.pdf,brainerd2020_120::stress,Stress,stress,4,,,,,,,,,,5.59,0.19,0.06,,,1.46,1.59,,,,,,0.19,5.59,1.0,1.46,1.59,4.0,0.0,0.0,1.33,0.18,0.17,0.27,0.27,0.17,0.3,High-MBAS/high-MGS,0.1,0.05,0.32,0.08,0.1,0.24
Brainerd2020_120_4word_lists,"Brainerd, Chang, & Bialer (2020)",2020-48948-001.pdf,brainerd2020_120::sweet,Sweet,sweet,4,,,,,,,,,,5.42,0.4,0.15,,,2.04,1.36,,,,,,0.4,5.42,1.25,2.04,1.36,1.0,1.0,0.0,0.67,0.24,0.17,0.45,0.18,0.24,0.33,High-MBAS/high-MGS,0.07,0.14,0.31,0.31,0.2,0.31
Brainerd2020_120_4word_lists,"Brainerd, Chang, & Bialer (2020)",2020-48948-001.pdf,brainerd2020_120::task,Task,task,4,,,,,,,,,,2.4,0.01,0.04,,,1.94,1.5,,,,,,0.01,2.4,0.0,1.94,1.5,1.0,0.0,0.0,0.33,0.13,0.05,0.05,0.1,0.17,0.16,Low-MBAS/low-MGS,0.0,0.11,0.15,0.01,0.0,0.08
Brainerd2020_120_4word_lists,"Brainerd, Chang, & Bialer (2020)",2020-48948-001.pdf,brainerd2020_120::taste,Taste,taste,4,,,,,,,,,,4.97,0.03,,,,1.79,2.01,,,,,,,,,,,,,,,,,,,,,,,,,,,
Brainerd2020_120_4word_lists,"Brainerd, Chang, & Bialer (2020)",2020-48948-001.pdf,brainerd2020_120::teeth,Teeth,teeth,4,,,,,,,,,,1.63,0.16,,,,1.81,1.36,,,,,,,,,,,,,,,,,,,,,,,,,,,
Brainerd2020_120_4word_lists,"Brainerd, Chang, & Bialer (2020)",2020-48948-001.pdf,brainerd2020_120::train,Train,train,4,,,,,,,,,,1.57,0.13,,,,1.96,1.77,,,,,,,,,,,,,,,,,,,,,,,,,,,
Brainerd2020_120_4word_lists,"Brainerd, Chang, & Bialer (2020)",2020-48948-001.pdf,brainerd2020_120::trip,Trip,trip,4,,,,,,,,,,5.77,0.23,,,,1.63,2.2,,,,,,,,,,,,,,,,,,,,,,,,,,,
Brainerd2020_120_4word_lists,"Brainerd, Chang, & Bialer (2020)",2020-48948-001.pdf,brainerd2020_120::unusual,Unusual,unusual,4,,,,,,,,,,2.13,0.0,,,,1.57,2.03,,,,,,,,,,,,,,,,,,,,,,,,,,,
Brainerd2020_120_4word_lists,"Brainerd, Chang, & Bialer (2020)",2020-48948-001.pdf,brainerd2020_120::vote,Vote,vote,4,,,,,,,,,,5.58,0.04,0.02,,,1.64,1.4,,,,,,0.04,5.58,0.5,1.64,1.4,0.0,0.0,4.0,1.33,0.21,0.27,0.27,0.3,0.24,0.39,Low-MBAS/high-MGS,0.15,0.15,0.42,0.02,0.11,0.35
Brainerd2020_120_4word_lists,"Brainerd, Chang, & Bialer (2020)",2020-48948-001.pdf,brainerd2020_120::weak,Weak,weak,4,,,,,,,,,,3.11,0.08,0.01,,,1.76,2.23,,,,,,0.08,3.11,0.25,1.76,2.23,1.0,0.0,0.0,0.33,0.07,0.24,0.22,0.3,0.14,0.25,High-MBAS/high-MGS,0.12,0.0,0.31,0.0,0.2,0.2
Brainerd2020_120_4word_lists,"Brainerd, Chang, & Bialer (2020)",2020-48948-001.pdf,brainerd2020_120::window,Window,window,4,,,,,,,,,,3.77,0.04,0.04,,,2.23,2.21,,,,,,0.04,3.77,0.25,2.23,2.21,0.0,0.0,1.0,0.33,0.07,0.05,0.07,0.21,0.14,0.19,High-MBAS/high-MGS,0.07,0.03,0.25,0.06,0.06,0.05
Roediger2001_55_15word_lists,"Roediger et al. (2001) 55-list DRM pool, augmented with uploaded 2024 supplementary workbook metrics",55 DRM list-Supplementary Material-08-16-24.xlsx; Roediger-et-al-2001b_PBR.pdf; RoedigerEtAl_2001.xlsx,roediger2001_55::anger,anger,anger,15,A,0.681481481481481,0.661728395061728,0.549206349206349,0.481657848324515,0.79,0.79,0.49,0.5,5.68666666666667,0.157,0.044,0.2310938996758796,1.73,2.99651167215418,3.03949179635524,2.41,2.68,5.0,4.67,0.1442095772666666,,,,,,,,,,,,,,,,,,,,,,
Roediger2001_55_15word_lists,"Roediger et al. (2001) 55-list DRM pool, augmented with uploaded 2024 supplementary workbook metrics",55 DRM list-Supplementary Material-08-16-24.xlsx; Roediger-et-al-2001b_PBR.pdf; RoedigerEtAl_2001.xlsx,roediger2001_55::army,army,army,15,C,0.666666666666667,0.756038647342995,0.506038647342995,0.551932367149758,0.53,0.92,0.25,0.61,6.53333333333333,0.135,0.044,,2.53,3.64058080648965,3.08758618655209,4.7,4.09916666666667,4.0,6.47,0.0542445069333333,,,,,,,,,,,,,,,,,,,,,,
Roediger2001_55_15word_lists,"Roediger et al. (2001) 55-list DRM pool, augmented with uploaded 2024 supplementary workbook metrics",55 DRM list-Supplementary Material-08-16-24.xlsx; Roediger-et-al-2001b_PBR.pdf; RoedigerEtAl_2001.xlsx,roediger2001_55::beautiful,beautiful,beautiful,15,C,0.5,0.673913043478261,0.363123993558776,0.462962962962963,0.44,0.85,0.03,0.71,3.4,0.038,0.049,0.1834781064722913,2.13,4.15433266124231,3.6944927734129,2.16,3.56785714285714,9.0,5.33,0.0704048821333333,,,,,,,,,,,,,,,,,,,,,,
Roediger2001_55_15word_lists,"Roediger et al. (2001) 55-list DRM pool, augmented with uploaded 2024 supplementary workbook metrics",55 DRM list-Supplementary Material-08-16-24.xlsx; Roediger-et-al-2001b_PBR.pdf; RoedigerEtAl_2001.xlsx,roediger2001_55::bitter,bitter,bitter,15,C,0.318840579710145,0.632850241545894,0.21256038647343,0.430354267310789,0.26,0.78,0.01,0.68,3.75333333333333,0.011,0.059,0.2218340704095728,1.4,2.75511226639507,3.06213767177231,2.93,4.11,6.0,4.93,0.0100338074666666,,,,,,,,,,,,,,,,,,,,,,
Roediger2001_55_15word_lists,"Roediger et al. (2001) 55-list DRM pool, augmented with uploaded 2024 supplementary workbook metrics",55 DRM list-Supplementary Material-08-16-24.xlsx; Roediger-et-al-2001b_PBR.pdf; RoedigerEtAl_2001.xlsx,roediger2001_55::black,black,black,15,B,0.549404472532814,0.678161967266246,0.437904098768322,0.504539559014267,0.49,0.74,0.34,0.6,3.39333333333333,0.13,0.052,0.1884084486306175,1.47,3.93277807006055,3.29560251504974,3.76,4.04666666666667,5.0,4.8,0.0818509929333333,,,,,,,,,,,,,,,,,,,,,,
Roediger2001_55_15word_lists,"Roediger et al. (2001) 55-list DRM pool, augmented with uploaded 2024 supplementary workbook metrics",55 DRM list-Supplementary Material-08-16-24.xlsx; Roediger-et-al-2001b_PBR.pdf; RoedigerEtAl_2001.xlsx,roediger2001_55::bread,bread,bread,15,A,0.696296296296296,0.674074074074074,0.541269841269841,0.507407407407408,0.64,0.65,0.31,0.55,5.68666666666667,0.2,0.049,0.2988033465296157,1.33,3.16016829295851,2.94661117330819,4.92,4.73666666666667,5.0,4.6,0.2084579125333333,,,,,,,,,,,,,,,,,,,,,,
Roediger2001_55_15word_lists,"Roediger et al. (2001) 55-list DRM pool, augmented with uploaded 2024 supplementary workbook metrics",55 DRM list-Supplementary Material-08-16-24.xlsx; Roediger-et-al-2001b_PBR.pdf; RoedigerEtAl_2001.xlsx,roediger2001_55::butterfly,butterfly,butterfly,15,C,0.5,0.681159420289855,0.359903381642512,0.484299516908213,0.26,0.8,0.01,0.7,5.09333333333333,0.045,0.033,0.1732119494770075,1.93,2.45024910831936,2.92463311941768,4.93,4.67533333333333,9.0,4.73,0.0391835016666666,,,,,,,,,,,,,,,,,,,,,,
Roediger2001_55_15word_lists,"Roediger et al. (2001) 55-list DRM pool, augmented with uploaded 2024 supplementary workbook metrics",55 DRM list-Supplementary Material-08-16-24.xlsx; Roediger-et-al-2001b_PBR.pdf; RoedigerEtAl_2001.xlsx,roediger2001_55::cabbage,cabbage,cabbage,15,B,0.51215362177929,0.582442067736185,0.396579971329101,0.407848414811347,0.44,0.65,0.05,0.65,5.72,0.011,0.051,0.2095505086751913,2.53,2.17318626841227,2.86987982669299,4.75,4.66,7.0,5.6,0.0100067339999999,,,,,,,,,,,,,,,,,,,,,,
Roediger2001_55_15word_lists,"Roediger et al. (2001) 55-list DRM pool, augmented with uploaded 2024 supplementary workbook metrics",55 DRM list-Supplementary Material-08-16-24.xlsx; Roediger-et-al-2001b_PBR.pdf; RoedigerEtAl_2001.xlsx,roediger2001_55::car,car,car,15,B,0.602181575109383,0.673867687570896,0.455121266200521,0.497318198219284,0.42,0.9,0.35,0.66,6.31333333333333,0.347,0.027,0.275768080226456,1.73,4.39158782350995,3.15081755357378,4.89,4.61571428571428,3.0,5.07,0.2646793511999999,,,,,,,,,,,,,,,,,,,,,,
Roediger2001_55_15word_lists,"Roediger et al. (2001) 55-list DRM pool, augmented with uploaded 2024 supplementary workbook metrics",55 DRM list-Supplementary Material-08-16-24.xlsx; Roediger-et-al-2001b_PBR.pdf; RoedigerEtAl_2001.xlsx,roediger2001_55::carpet,carpet,carpet,15,A,0.548148148148148,0.618518518518519,0.418518518518519,0.46031746031746,0.49,0.75,0.15,0.61,3.18,0.037,0.039,0.1439307556982393,0.6,2.77451696572855,3.22387767204237,4.96,4.25066666666667,6.0,4.27,0.0316430976666666,,,,,,,,,,,,,,,,,,,,,,
Roediger2001_55_15word_lists,"Roediger et al. (2001) 55-list DRM pool, augmented with uploaded 2024 supplementary workbook metrics",55 DRM list-Supplementary Material-08-16-24.xlsx; Roediger-et-al-2001b_PBR.pdf; RoedigerEtAl_2001.xlsx,roediger2001_55::chair,chair,chair,15,C,0.797101449275362,0.72463768115942,0.607487922705313,0.498389694041868,0.74,0.83,0.54,0.64,5.91333333333333,0.303,0.063,0.2575323548918089,1.93,3.40001963506516,2.84196973954661,4.58,4.56928571428571,5.0,5.2,0.1559841066,,,,,,,,,,,,,,,,,,,,,,
Roediger2001_55_15word_lists,"Roediger et al. (2001) 55-list DRM pool, augmented with uploaded 2024 supplementary workbook metrics",55 DRM list-Supplementary Material-08-16-24.xlsx; Roediger-et-al-2001b_PBR.pdf; RoedigerEtAl_2001.xlsx,roediger2001_55::citizen,citizen,citizen,15,B,0.538375060768109,0.746900826446281,0.418302565752904,0.586831865656358,0.6,0.91,0.1,0.68,4.92666666666667,0.003,0.046,,2.27,2.83314711191279,3.48050194396709,4.43,4.03833333333333,7.0,6.27,0.0006666666666666,,,,,,,,,,,,,,,,,,,,,,
Roediger2001_55_15word_lists,"Roediger et al. (2001) 55-list DRM pool, augmented with uploaded 2024 supplementary workbook metrics",55 DRM list-Supplementary Material-08-16-24.xlsx; Roediger-et-al-2001b_PBR.pdf; RoedigerEtAl_2001.xlsx,roediger2001_55::city,city,city,15,A,0.785185185185185,0.718518518518519,0.60952380952381,0.532804232804233,0.64,0.96,0.46,0.65,5.68666666666667,0.185,0.042,,1.8,3.93575910374531,3.0788270268278,4.79,4.07769230769231,4.0,6.27,0.0888571428666666,,,,,,,,,,,,,,,,,,,,,,
Roediger2001_55_15word_lists,"Roediger et al. (2001) 55-list DRM pool, augmented with uploaded 2024 supplementary workbook metrics",55 DRM list-Supplementary Material-08-16-24.xlsx; Roediger-et-al-2001b_PBR.pdf; RoedigerEtAl_2001.xlsx,roediger2001_55::cold,cold,cold,15,B,0.675255226057365,0.656867809107114,0.537608612972119,0.484616209785163,0.84,0.87,0.44,0.61,5.56,0.353,0.043,0.323217754537697,2.27,3.82210266864692,2.98429582813016,3.85,3.992,4.0,4.8,0.3262347594,,,,,,,,,,,,,,,,,,,,,,
Roediger2001_55_15word_lists,"Roediger et al. (2001) 55-list DRM pool, augmented with uploaded 2024 supplementary workbook metrics",55 DRM list-Supplementary Material-08-16-24.xlsx; Roediger-et-al-2001b_PBR.pdf; RoedigerEtAl_2001.xlsx,roediger2001_55::command,command,command,15,A,0.451851851851852,0.651851851851852,0.34973544973545,0.483774250440917,0.55,0.66,0.08,0.58,5.40666666666667,0.009,0.035,0.1151523316692113,0.67,3.34752515999869,3.54348455765598,2.48,3.318,7.0,5.6,0.0054078196666666,,,,,,,,,,,,,,,,,,,,,,
Roediger2001_55_15word_lists,"Roediger et al. (2001) 55-list DRM pool, augmented with uploaded 2024 supplementary workbook metrics",55 DRM list-Supplementary Material-08-16-24.xlsx; Roediger-et-al-2001b_PBR.pdf; RoedigerEtAl_2001.xlsx,roediger2001_55::cottage,cottage,cottage,15,A,0.42962962962963,0.666666666666667,0.329100529100529,0.483245149911817,0.38,0.77,0.08,0.66,4.32,0.003,0.053,0.1877024762518255,1.0,2.43296929087441,3.25869508383997,4.85,4.38307692307692,7.0,4.53,0.0006666666666666,,,,,,,,,,,,,,,,,,,,,,
Roediger2001_55_15word_lists,"Roediger et al. (2001) 55-list DRM pool, augmented with uploaded 2024 supplementary workbook metrics",55 DRM list-Supplementary Material-08-16-24.xlsx; Roediger-et-al-2001b_PBR.pdf; RoedigerEtAl_2001.xlsx,roediger2001_55::cup,cup,cup,15,C,0.514492753623188,0.659420289855073,0.369162640901771,0.452898550724638,0.82,0.86,0.45,0.53,5.33333333333333,0.109,0.048,0.2180811298402606,1.53,3.42078061954857,2.73966140382885,5.0,4.62,3.0,5.2,0.0866393761999999,,,,,,,,,,,,,,,,,,,,,,
Roediger2001_55_15word_lists,"Roediger et al. (2001) 55-list DRM pool, augmented with uploaded 2024 supplementary workbook metrics",55 DRM list-Supplementary Material-08-16-24.xlsx; Roediger-et-al-2001b_PBR.pdf; RoedigerEtAl_2001.xlsx,roediger2001_55::doctor,doctor,doctor,15,A,0.62962962962963,0.780246913580247,0.495767195767196,0.589594356261023,0.71,0.78,0.6,0.57,6.06666666666667,0.245,0.053,0.2783370879621603,2.6,4.12910958622073,3.17102339164216,4.69,4.00266666666667,6.0,6.47,0.2261601044666666,,,,,,,,,,,,,,,,,,,,,,
Roediger2001_55_15word_lists,"Roediger et al. (2001) 55-list DRM pool, augmented with uploaded 2024 supplementary workbook metrics",55 DRM list-Supplementary Material-08-16-24.xlsx; Roediger-et-al-2001b_PBR.pdf; RoedigerEtAl_2001.xlsx,roediger2001_55::flag,flag,flag,15,C,0.710144927536232,0.678743961352657,0.537037037037037,0.474235104669887,0.6,0.74,0.31,0.63,5.83333333333333,0.109,0.043,0.1203596264511835,1.0,2.95085145888855,2.72381242131836,4.79,3.77166666666667,4.0,6.2,0.043411581,,,,,,,,,,,,,,,,,,,,,,
Roediger2001_55_15word_lists,"Roediger et al. (2001) 55-list DRM pool, augmented with uploaded 2024 supplementary workbook metrics",55 DRM list-Supplementary Material-08-16-24.xlsx; Roediger-et-al-2001b_PBR.pdf; RoedigerEtAl_2001.xlsx,roediger2001_55::foot,foot,foot,15,C,0.601449275362319,0.579710144927536,0.460950080515298,0.372785829307569,0.62,0.7,0.35,0.64,4.29333333333333,0.177,0.049,0.197728154462763,1.4,3.52009032811284,3.10599999510831,4.9,4.73928571428571,4.0,4.33,0.1031152339999999,,,,,,,,,,,,,,,,,,,,,,
Roediger2001_55_15word_lists,"Roediger et al. (2001) 55-list DRM pool, augmented with uploaded 2024 supplementary workbook metrics",55 DRM list-Supplementary Material-08-16-24.xlsx; Roediger-et-al-2001b_PBR.pdf; RoedigerEtAl_2001.xlsx,roediger2001_55::fruit,fruit,fruit,15,A,0.562962962962963,0.683950617283951,0.430687830687831,0.512169312169312,0.45,0.93,0.2,0.71,5.96,0.202,0.04,0.2879728109005786,1.67,3.04493154614916,2.55595032783323,4.81,4.702,5.0,5.47,0.2140808079999999,,,,,,,,,,,,,,,,,,,,,,
Roediger2001_55_15word_lists,"Roediger et al. (2001) 55-list DRM pool, augmented with uploaded 2024 supplementary workbook metrics",55 DRM list-Supplementary Material-08-16-24.xlsx; Roediger-et-al-2001b_PBR.pdf; RoedigerEtAl_2001.xlsx,roediger2001_55::girl,girl,girl,15,B,0.703725085075352,0.69760776211311,0.551154149966355,0.522736803097238,0.58,0.94,0.32,0.67,4.82,0.097,0.052,0.2319824245354824,1.27,4.45353237612511,3.70819823386661,4.85,3.94071428571429,4.0,5.27,0.0940209487333333,,,,,,,,,,,,,,,,,,,,,,
Roediger2001_55_15word_lists,"Roediger et al. (2001) 55-list DRM pool, augmented with uploaded 2024 supplementary workbook metrics",55 DRM list-Supplementary Material-08-16-24.xlsx; Roediger-et-al-2001b_PBR.pdf; RoedigerEtAl_2001.xlsx,roediger2001_55::health,health,health,15,B,0.564079970831307,0.613089450656295,0.439323015710482,0.434032552197615,0.55,0.75,0.11,0.62,4.52666666666667,0.02,0.028,0.1392832880255583,1.27,3.31281182621209,3.24449577559953,2.28,3.24733333333333,6.0,5.93,0.0278298322,,,,,,,,,,,,,,,,,,,,,,
Roediger2001_55_15word_lists,"Roediger et al. (2001) 55-list DRM pool, augmented with uploaded 2024 supplementary workbook metrics",55 DRM list-Supplementary Material-08-16-24.xlsx; Roediger-et-al-2001b_PBR.pdf; RoedigerEtAl_2001.xlsx,roediger2001_55::high,high,high,15,A,0.666666666666667,0.592592592592593,0.532804232804233,0.432804232804233,0.72,0.86,0.26,0.58,4.41333333333333,0.087,0.049,0.1620250346332136,1.47,3.99764845489621,3.34949529684099,3.46,4.04714285714286,4.0,4.8,0.0613939394,,,,,,,,,,,,,,,,,,,,,,
Roediger2001_55_15word_lists,"Roediger et al. (2001) 55-list DRM pool, augmented with uploaded 2024 supplementary workbook metrics",55 DRM list-Supplementary Material-08-16-24.xlsx; Roediger-et-al-2001b_PBR.pdf; RoedigerEtAl_2001.xlsx,roediger2001_55::justice,justice,justice,15,A,0.748148148148148,0.708641975308642,0.5994708994709,0.526102292768959,0.76,0.74,0.3,0.59,5.97333333333333,0.026,0.044,0.1740204958884794,1.4,3.28126068705501,3.51214863816558,1.45,2.89714285714286,7.0,5.73,0.0094010856666666,,,,,,,,,,,,,,,,,,,,,,
Roediger2001_55_15word_lists,"Roediger et al. (2001) 55-list DRM pool, augmented with uploaded 2024 supplementary workbook metrics",55 DRM list-Supplementary Material-08-16-24.xlsx; Roediger-et-al-2001b_PBR.pdf; RoedigerEtAl_2001.xlsx,roediger2001_55::king,king,king,15,"A, B, C mean",0.516067538126362,0.793287629061286,0.3771448914019853,0.58765239414193,0.27,0.82,0.1,0.65,6.08666666666667,0.23,0.059,0.2061888885273715,2.07,3.8190830757437,2.87264779465509,4.1,4.00083333333333,4.0,5.93,0.1859918917333333,,,,,,,,,,,,,,,,,,,,,,
Roediger2001_55_15word_lists,"Roediger et al. (2001) 55-list DRM pool, augmented with uploaded 2024 supplementary workbook metrics",55 DRM list-Supplementary Material-08-16-24.xlsx; Roediger-et-al-2001b_PBR.pdf; RoedigerEtAl_2001.xlsx,roediger2001_55::lamp,lamp,lamp,15,A,0.518518518518518,0.703703703703704,0.398412698412698,0.529100529100529,0.63,0.82,0.14,0.61,4.60666666666667,0.006,0.063,0.1388424470065531,0.73,2.81822589361396,3.50994159239782,4.97,4.234,4.0,4.47,0.0114482237333333,,,,,,,,,,,,,,,,,,,,,,
Roediger2001_55_15word_lists,"Roediger et al. (2001) 55-list DRM pool, augmented with uploaded 2024 supplementary workbook metrics",55 DRM list-Supplementary Material-08-16-24.xlsx; Roediger-et-al-2001b_PBR.pdf; RoedigerEtAl_2001.xlsx,roediger2001_55::lion,lion,lion,15,A,0.511111111111111,0.641975308641975,0.37989417989418,0.476014109347443,0.33,0.86,0.23,0.63,5.28,0.136,0.04,0.1636090716697833,0.8,2.89431606268444,2.60031858510548,4.96,4.11166666666667,4.0,4.8,0.0987084105333333,,,,,,,,,,,,,,,,,,,,,,
Roediger2001_55_15word_lists,"Roediger et al. (2001) 55-list DRM pool, augmented with uploaded 2024 supplementary workbook metrics",55 DRM list-Supplementary Material-08-16-24.xlsx; Roediger-et-al-2001b_PBR.pdf; RoedigerEtAl_2001.xlsx,roediger2001_55::long,long,long,15,C,0.427536231884058,0.623188405797101,0.309581320450885,0.42109500805153,0.34,0.78,0.03,0.6,2.04,0.039,0.045,0.1192955202051218,0.47,4.5369874751306,3.5607009208937,3.18,3.93266666666667,4.0,4.93,0.0293468013333333,,,,,,,,,,,,,,,,,,,,,,
Roediger2001_55_15word_lists,"Roediger et al. (2001) 55-list DRM pool, augmented with uploaded 2024 supplementary workbook metrics",55 DRM list-Supplementary Material-08-16-24.xlsx; Roediger-et-al-2001b_PBR.pdf; RoedigerEtAl_2001.xlsx,roediger2001_55::man,man,man,15,A,0.577777777777778,0.718518518518519,0.453439153439153,0.535097001763669,0.61,0.88,0.24,0.56,3.65333333333333,0.115,0.047,0.2166624900235025,0.8,4.97374651338917,3.71959647517963,4.79,4.11,3.0,5.333,0.0791339412666666,,,,,,,,,,,,,,,,,,,,,,
Roediger2001_55_15word_lists,"Roediger et al. (2001) 55-list DRM pool, augmented with uploaded 2024 supplementary workbook metrics",55 DRM list-Supplementary Material-08-16-24.xlsx; Roediger-et-al-2001b_PBR.pdf; RoedigerEtAl_2001.xlsx,roediger2001_55::mountain,mountain,mountain,15,B,0.702479338842975,0.596550397018311,0.52718573292736,0.431053314219401,0.69,0.79,0.42,0.6,5.28666666666667,0.154,0.037,0.1606179921577821,0.87,3.25671774597749,2.60197227298743,4.96,4.254,8.0,5.07,0.1123574088,,,,,,,,,,,,,,,,,,,,,,
Roediger2001_55_15word_lists,"Roediger et al. (2001) 55-list DRM pool, augmented with uploaded 2024 supplementary workbook metrics",55 DRM list-Supplementary Material-08-16-24.xlsx; Roediger-et-al-2001b_PBR.pdf; RoedigerEtAl_2001.xlsx,roediger2001_55::music,music,music,15,B,0.56730068060282,0.640343947496354,0.43023902167871,0.469032503437582,0.69,0.71,0.34,0.59,6.48666666666667,0.227,0.02,0.2764820604432622,1.6,3.88846031803539,3.07068414232835,4.31,4.296,5.0,5.6,0.2440942761333333,,,,,,,,,,,,,,,,,,,,,,
Roediger2001_55_15word_lists,"Roediger et al. (2001) 55-list DRM pool, augmented with uploaded 2024 supplementary workbook metrics",55 DRM list-Supplementary Material-08-16-24.xlsx; Roediger-et-al-2001b_PBR.pdf; RoedigerEtAl_2001.xlsx,roediger2001_55::mutton,mutton,mutton,15,C,0.398550724637681,0.606280193236715,0.294283413848631,0.404186795491143,0.11,0.75,0.01,0.65,5.78,0.002,0.014,0.2785157357178585,2.0,1.61278385671974,2.97710356878858,4.25,4.75214285714286,6.0,4.07,0.0028683575333333,,,,,,,,,,,,,,,,,,,,,,
Roediger2001_55_15word_lists,"Roediger et al. (2001) 55-list DRM pool, augmented with uploaded 2024 supplementary workbook metrics",55 DRM list-Supplementary Material-08-16-24.xlsx; Roediger-et-al-2001b_PBR.pdf; RoedigerEtAl_2001.xlsx,roediger2001_55::needle,needle,needle,15,C,0.739130434782609,0.741545893719807,0.55354267310789,0.537842190016103,0.68,0.83,0.52,0.6,4.90666666666667,0.203,0.063,0.1294443329009089,1.93,2.78461729263288,2.65669578839281,4.93,4.42666666666667,6.0,5.73,0.1514069174,,,,,,,,,,,,,,,,,,,,,,
Roediger2001_55_15word_lists,"Roediger et al. (2001) 55-list DRM pool, augmented with uploaded 2024 supplementary workbook metrics",55 DRM list-Supplementary Material-08-16-24.xlsx; Roediger-et-al-2001b_PBR.pdf; RoedigerEtAl_2001.xlsx,roediger2001_55::pen,pen,pen,15,B,0.525492221682061,0.606182142278399,0.409423363857114,0.436329149722556,0.57,0.78,0.35,0.63,5.25333333333333,0.135,0.044,0.1236221531584484,1.33,3.10105935490812,2.86271231965998,4.92,4.44642857142857,3.0,5.0,0.0841933549333333,,,,,,,,,,,,,,,,,,,,,,
Roediger2001_55_15word_lists,"Roediger et al. (2001) 55-list DRM pool, augmented with uploaded 2024 supplementary workbook metrics",55 DRM list-Supplementary Material-08-16-24.xlsx; Roediger-et-al-2001b_PBR.pdf; RoedigerEtAl_2001.xlsx,roediger2001_55::river,river,river,15,B,0.772149975692756,0.68458313077297,0.606096954448377,0.501648089094331,0.67,0.85,0.42,0.64,5.56,0.147,0.036,0.2312089960575326,2.47,3.45178643552429,3.00145902980599,4.89,4.53071428571429,5.0,5.13,0.0631619113333333,,,,,,,,,,,,,,,,,,,,,,
Roediger2001_55_15word_lists,"Roediger et al. (2001) 55-list DRM pool, augmented with uploaded 2024 supplementary workbook metrics",55 DRM list-Supplementary Material-08-16-24.xlsx; Roediger-et-al-2001b_PBR.pdf; RoedigerEtAl_2001.xlsx,roediger2001_55::rough,rough,rough,15,A,0.688888888888889,0.54320987654321,0.555026455026455,0.38694885361552,0.83,0.76,0.53,0.56,4.92,0.122,0.033,0.1813113043496929,1.27,3.28057837036808,2.52539356696489,3.83,3.82076923076923,5.0,6.07,0.093953457,,,,,,,,,,,,,,,,,,,,,,
Roediger2001_55_15word_lists,"Roediger et al. (2001) 55-list DRM pool, augmented with uploaded 2024 supplementary workbook metrics",55 DRM list-Supplementary Material-08-16-24.xlsx; Roediger-et-al-2001b_PBR.pdf; RoedigerEtAl_2001.xlsx,roediger2001_55::rubber,rubber,rubber,15,C,0.623188405797101,0.608695652173913,0.475040257648953,0.398953301127214,0.67,0.72,0.32,0.53,4.50666666666667,0.033,0.017,0.1812756560831218,0.67,2.85430604180108,2.1789250828767,4.86,4.09307692307692,6.0,6.0,0.0444383976,,,,,,,,,,,,,,,,,,,,,,
Roediger2001_55_15word_lists,"Roediger et al. (2001) 55-list DRM pool, augmented with uploaded 2024 supplementary workbook metrics",55 DRM list-Supplementary Material-08-16-24.xlsx; Roediger-et-al-2001b_PBR.pdf; RoedigerEtAl_2001.xlsx,roediger2001_55::shirt,shirt,shirt,15,B,0.491978609625669,0.582907956571058,0.375252333167549,0.415089279619282,0.54,0.86,0.27,0.64,6.16,0.186,0.044,0.2368466898908637,1.4,3.37401474029191,2.77539533180663,4.94,4.73307692307692,5.0,5.13,0.0809225589333333,,,,,,,,,,,,,,,,,,,,,,
Roediger2001_55_15word_lists,"Roediger et al. (2001) 55-list DRM pool, augmented with uploaded 2024 supplementary workbook metrics",55 DRM list-Supplementary Material-08-16-24.xlsx; Roediger-et-al-2001b_PBR.pdf; RoedigerEtAl_2001.xlsx,roediger2001_55::sleep,sleep,sleep,15,C,0.72463768115942,0.683574879227053,0.558776167471819,0.474637681159421,0.8,0.82,0.61,0.61,6.53333333333333,0.431,0.047,0.2359627103332111,1.8,4.06543031862037,2.80081175731499,4.44,3.48466666666667,5.0,4.87,0.2975956487333334,,,,,,,,,,,,,,,,,,,,,,
Roediger2001_55_15word_lists,"Roediger et al. (2001) 55-list DRM pool, augmented with uploaded 2024 supplementary workbook metrics",55 DRM list-Supplementary Material-08-16-24.xlsx; Roediger-et-al-2001b_PBR.pdf; RoedigerEtAl_2001.xlsx,roediger2001_55::slow,slow,slow,15,B,0.625638065143413,0.584295495057527,0.485342734267575,0.4097451800708,0.69,0.69,0.42,0.53,4.42666666666667,0.172,0.047,0.1754355679469717,1.13,3.58860780474269,2.75794982097613,3.28,3.29866666666667,4.0,6.267,0.0739862066,,,,,,,,,,,,,,,,,,,,,,
Roediger2001_55_15word_lists,"Roediger et al. (2001) 55-list DRM pool, augmented with uploaded 2024 supplementary workbook metrics",55 DRM list-Supplementary Material-08-16-24.xlsx; Roediger-et-al-2001b_PBR.pdf; RoedigerEtAl_2001.xlsx,roediger2001_55::smell,smell,smell,15,C,0.710144927536232,0.705314009661836,0.539855072463768,0.506038647342995,0.84,0.9,0.6,0.58,5.91333333333333,0.29,0.015,0.2076798541811904,1.47,3.62746827245971,2.68982129727491,3.7,3.98142857142857,5.0,5.33,0.1827476121999999,,,,,,,,,,,,,,,,,,,,,,
Roediger2001_55_15word_lists,"Roediger et al. (2001) 55-list DRM pool, augmented with uploaded 2024 supplementary workbook metrics",55 DRM list-Supplementary Material-08-16-24.xlsx; Roediger-et-al-2001b_PBR.pdf; RoedigerEtAl_2001.xlsx,roediger2001_55::smoke,smoke,smoke,15,B,0.762062469615945,0.700808215848323,0.604663409496503,0.527008181933433,0.73,0.86,0.54,0.64,5.82,0.167,0.042,0.2243432000539388,1.8,3.52348633234323,2.54013827319341,4.96,4.46,5.0,5.8,0.1141557239333333,,,,,,,,,,,,,,,,,,,,,,
Roediger2001_55_15word_lists,"Roediger et al. (2001) 55-list DRM pool, augmented with uploaded 2024 supplementary workbook metrics",55 DRM list-Supplementary Material-08-16-24.xlsx; Roediger-et-al-2001b_PBR.pdf; RoedigerEtAl_2001.xlsx,roediger2001_55::soft,soft,soft,15,B,0.596256684491979,0.562094879274024,0.470012580088353,0.394078581668179,0.81,0.74,0.46,0.59,4.40666666666667,0.179,0.041,0.1648211192001172,0.8,3.2132520521964,2.77629802471406,3.88,4.15214285714286,4.0,5.13,0.0843339688666666,,,,,,,,,,,,,,,,,,,,,,
Roediger2001_55_15word_lists,"Roediger et al. (2001) 55-list DRM pool, augmented with uploaded 2024 supplementary workbook metrics",55 DRM list-Supplementary Material-08-16-24.xlsx; Roediger-et-al-2001b_PBR.pdf; RoedigerEtAl_2001.xlsx,roediger2001_55::spider,spider,spider,15,B,0.543418813806514,0.677858126721763,0.422617828618238,0.497215802151293,0.58,0.81,0.37,0.62,5.82666666666667,0.159,0.044,0.1661041289396206,1.33,2.71264970162721,2.68695163843326,4.97,4.09071428571429,6.0,5.4,0.0885769980666666,,,,,,,,,,,,,,,,,,,,,,
Roediger2001_55_15word_lists,"Roediger et al. (2001) 55-list DRM pool, augmented with uploaded 2024 supplementary workbook metrics",55 DRM list-Supplementary Material-08-16-24.xlsx; Roediger-et-al-2001b_PBR.pdf; RoedigerEtAl_2001.xlsx,roediger2001_55::stove,stove,stove,15,A,0.614814814814815,0.751851851851852,0.468783068783069,0.575661375661376,0.7,0.72,0.18,0.6,6.09333333333333,0.035,0.058,0.2042811113936936,2.0,2.58883172559421,3.13541023267314,4.96,4.44933333333333,5.0,4.27,0.0140611558,,,,,,,,,,,,,,,,,,,,,,
Roediger2001_55_15word_lists,"Roediger et al. (2001) 55-list DRM pool, augmented with uploaded 2024 supplementary workbook metrics",55 DRM list-Supplementary Material-08-16-24.xlsx; Roediger-et-al-2001b_PBR.pdf; RoedigerEtAl_2001.xlsx,roediger2001_55::sweet,sweet,sweet,15,A,0.703703703703704,0.641975308641975,0.564550264550265,0.468253968253968,0.78,0.78,0.54,0.63,5.55333333333333,0.172,0.054,0.2384348201768613,2.07,3.86958370771342,3.383942150686,4.0,4.04266666666667,5.0,4.8,0.1234622457333333,,,,,,,,,,,,,,,,,,,,,,
Roediger2001_55_15word_lists,"Roediger et al. (2001) 55-list DRM pool, augmented with uploaded 2024 supplementary workbook metrics",55 DRM list-Supplementary Material-08-16-24.xlsx; Roediger-et-al-2001b_PBR.pdf; RoedigerEtAl_2001.xlsx,roediger2001_55::swift,swift,swift,15,A,0.340740740740741,0.679012345679012,0.26031746031746,0.50652557319224,0.35,0.73,0.14,0.63,2.92,0.006,0.058,,1.73,2.29666519026153,3.28478143367922,3.04,3.85846153846154,5.0,5.13,0.002,,,,,,,,,,,,,,,,,,,,,,
Roediger2001_55_15word_lists,"Roediger et al. (2001) 55-list DRM pool, augmented with uploaded 2024 supplementary workbook metrics",55 DRM list-Supplementary Material-08-16-24.xlsx; Roediger-et-al-2001b_PBR.pdf; RoedigerEtAl_2001.xlsx,roediger2001_55::thief,thief,thief,15,B,0.757474477394263,0.76300437530384,0.599382697990111,0.591283656612348,0.7,0.81,0.23,0.61,6.41333333333333,0.1,0.056,0.2314912884567211,4.27,3.09307130637606,3.22386498304375,4.37,4.02066666666667,5.0,4.93,0.1297296850666666,,,,,,,,,,,,,,,,,,,,,,
Roediger2001_55_15word_lists,"Roediger et al. (2001) 55-list DRM pool, augmented with uploaded 2024 supplementary workbook metrics",55 DRM list-Supplementary Material-08-16-24.xlsx; Roediger-et-al-2001b_PBR.pdf; RoedigerEtAl_2001.xlsx,roediger2001_55::trash,trash,trash,15,C,0.731884057971015,0.695652173913043,0.559983896940418,0.493961352657005,0.78,0.83,0.49,0.54,6.50666666666667,0.14,0.055,0.2576939993600885,2.6,3.05956341790127,2.85801886097734,4.7,4.18,5.0,5.333,0.1267435064666666,,,,,,,,,,,,,,,,,,,,,,
Roediger2001_55_15word_lists,"Roediger et al. (2001) 55-list DRM pool, augmented with uploaded 2024 supplementary workbook metrics",55 DRM list-Supplementary Material-08-16-24.xlsx; Roediger-et-al-2001b_PBR.pdf; RoedigerEtAl_2001.xlsx,roediger2001_55::trouble,trouble,trouble,15,C,0.384057971014493,0.615942028985507,0.277375201288245,0.4170692431562,0.54,0.7,0.08,0.58,4.66,0.01,0.026,0.1551692743316267,1.07,4.05698103666811,3.59286393997794,2.25,3.24666666666667,7.0,5.4,0.0054015064666666,,,,,,,,,,,,,,,,,,,,,,
Roediger2001_55_15word_lists,"Roediger et al. (2001) 55-list DRM pool, augmented with uploaded 2024 supplementary workbook metrics",55 DRM list-Supplementary Material-08-16-24.xlsx; Roediger-et-al-2001b_PBR.pdf; RoedigerEtAl_2001.xlsx,roediger2001_55::whiskey,whiskey,whiskey,15,B,0.632049100631988,0.704494814454707,0.489160644802668,0.520566981656476,0.53,0.82,0.03,0.72,6.28,0.022,0.042,0.3482213853300947,4.93,2.91539983521227,3.14888292148208,4.74,4.45928571428571,7.0,4.8,0.0694799624666666,,,,,,,,,,,,,,,,,,,,,,
Roediger2001_55_15word_lists,"Roediger et al. (2001) 55-list DRM pool, augmented with uploaded 2024 supplementary workbook metrics",55 DRM list-Supplementary Material-08-16-24.xlsx; Roediger-et-al-2001b_PBR.pdf; RoedigerEtAl_2001.xlsx,roediger2001_55::whistle,whistle,whistle,15,C,0.442028985507246,0.557971014492754,0.312399355877617,0.367552334943639,0.19,0.73,0.09,0.6,3.47333333333333,0.005,0.038,0.1529446459894399,1.13,2.89707700320942,3.55480043173491,4.42,4.04714285714286,7.0,4.2,0.0054019274666666,,,,,,,,,,,,,,,,,,,,,,
Roediger2001_55_15word_lists,"Roediger et al. (2001) 55-list DRM pool, augmented with uploaded 2024 supplementary workbook metrics",55 DRM list-Supplementary Material-08-16-24.xlsx; Roediger-et-al-2001b_PBR.pdf; RoedigerEtAl_2001.xlsx,roediger2001_55::window,window,window,15,C,0.72463768115942,0.676328502415459,0.551932367149758,0.465378421900161,0.84,0.82,0.65,0.63,5.27333333333333,0.184,0.058,0.1821586883025317,0.67,3.64216763440495,2.80148338065498,4.86,4.266,6.0,5.0,0.1623230306666666,,,,,,,,,,,,,,,,,,,,,,
Roediger2001_55_15word_lists,"Roediger et al. (2001) 55-list DRM pool, augmented with uploaded 2024 supplementary workbook metrics",55 DRM list-Supplementary Material-08-16-24.xlsx; Roediger-et-al-2001b_PBR.pdf; RoedigerEtAl_2001.xlsx,roediger2001_55::wish,wish,wish,15,A,0.614814814814815,0.508641975308642,0.465079365079365,0.330864197530864,0.8,0.65,0.29,0.58,3.89333333333333,0.012,0.053,0.1900883839762922,0.87,4.07889161984022,4.30779682103851,1.77,2.946,4.0,4.4,0.0073333333333333,,,,,,,,,,,,,,,,,,,,,,
